,Date Created,Tweet ID,Content,Username,Nr. Likes,Lang,Tweet Source,Replies,Mentions,outlinks
0,2023-05-19 23:18:19+00:00,1659700036589215744,"ARIANA D CENTRAL SJSJSJSJSJ ariana CLARAMENTE es d boca, te recuerdo q esto pas√≥ chat gpt: https://t.co/Uc9Z6OBgep",greedyfxrlxve,0,it,,0,,[]
1,2023-05-19 22:02:37+00:00,1659680988715266051,"ChatGPT: disponibili l‚Äôapp iOS, i plugin e la navigazione web https://t.co/KG4zrybuDU https://t.co/LqNfVoDOTO",Tech4D_,0,it,,0,,['https://ift.tt/7HjFqRo']
2,2023-05-19 21:34:38+00:00,1659673947271487490,"@Luca_Fantuzzi Potrebbe verificarsi un cortocircuito o danni ai componenti elettrici dell'auto. L'acqua √® un buon conduttore di elettricit√† e pu√≤ interferire con il corretto funzionamento dei sistemi elettrici dell'auto, inclusa la batteria e il motore elettrico.
Risposta di chat gpt",giadao,0,it,,1,"[User(username='Luca_Fantuzzi', id=532572724, displayname='Luca Fantuzzi üá∑üá™', rawDescription=None, renderedDescription=None, descriptionLinks=None, verified=None, created=None, followersCount=None, friendsCount=None, statusesCount=None, favouritesCount=None, listedCount=None, mediaCount=None, location=None, protected=None, link=None, profileImageUrl=None, profileBannerUrl=None, label=None)]",[]
3,2023-05-19 21:10:33+00:00,1659667883553701903,@AdrianaSpappa chiediamolo a Chat Gpt... https://t.co/QC1yQ9JPCi,R_Capocristi,1,it,,2,"[User(username='AdrianaSpappa', id=1053258748230332416, displayname='Adriana Spappa', rawDescription=None, renderedDescription=None, descriptionLinks=None, verified=None, created=None, followersCount=None, friendsCount=None, statusesCount=None, favouritesCount=None, listedCount=None, mediaCount=None, location=None, protected=None, link=None, profileImageUrl=None, profileBannerUrl=None, label=None)]",[]
4,2023-05-19 21:01:55+00:00,1659665713433395200,"#ChatGPT 
Ben venga l'AI, c'√® una paurosa carenza d'intelligenza naturale.",agnostico43,0,it,,0,,[]
5,2023-05-19 21:00:15+00:00,1659665294363701250,"‚ÄúScusate, su ChatGpt ci siamo sbagliati‚Äù. La marcia indietro delle scuole di NY √® una lezione per tutti - la Repubblica https://t.co/lBKQaviG5D",franmant,0,it,,0,,['https://www.repubblica.it/tecnologia/2023/05/19/news/chatgpt_a_scuola-400828799/']
6,2023-05-19 20:44:10+00:00,1659661243857215492,"""Molti pensano che usando strumenti come ChatGpt a scuola noi studenti imbrogliamo. Ma come si pu√≤ definire un imbroglio uno strumento che ci ritroveremo a dover usare in futuro, sul posto di lavoro, nella nostra vita?""

https://t.co/zIiGDfwmrv",marbastio,1,it,,0,,['https://www.repubblica.it/tecnologia/2023/05/19/news/chatgpt_a_scuola-400828799/?ref=RHLF-BG-P8-S1-T1']
7,2023-05-19 20:14:32+00:00,1659653787059888138,"#Metaverso e #ChatGPT , fermare l'intelligenza artificiale? 
Ne hanno discusso oggi al @SalonedelLibro #marcoferrante @RosariaTaddeo #lucianoviolante https://t.co/6ugqAvMsoU",LDO_Fondazione,3,it,,0,"[User(username='SalonedelLibro', id=380933270, displayname='Salone Libro Torino', rawDescription=None, renderedDescription=None, descriptionLinks=None, verified=None, created=None, followersCount=None, friendsCount=None, statusesCount=None, favouritesCount=None, listedCount=None, mediaCount=None, location=None, protected=None, link=None, profileImageUrl=None, profileBannerUrl=None, label=None), User(username='RosariaTaddeo', id=2189138839, displayname='Mariarosaria Taddeo @RosTaddeo@fosstodon.org', rawDescription=None, renderedDescription=None, descriptionLinks=None, verified=None, created=None, followersCount=None, friendsCount=None, statusesCount=None, favouritesCount=None, listedCount=None, mediaCount=None, location=None, protected=None, link=None, profileImageUrl=None, profileBannerUrl=None, label=None)]",[]
8,2023-05-19 20:12:11+00:00,1659653197755981830,@GiovannaMois @ilfoglio_it Se uno viene sostituito da chat gpt pensa quanto creativo sia il suo pensiero,dav1d3,0,it,,0,"[User(username='GiovannaMois', id=522593903, displayname='Giovannamois', rawDescription=None, renderedDescription=None, descriptionLinks=None, verified=None, created=None, followersCount=None, friendsCount=None, statusesCount=None, favouritesCount=None, listedCount=None, mediaCount=None, location=None, protected=None, link=None, profileImageUrl=None, profileBannerUrl=None, label=None), User(username='ilfoglio_it', id=49954018, displayname='Il Foglio', rawDescription=None, renderedDescription=None, descriptionLinks=None, verified=None, created=None, followersCount=None, friendsCount=None, statusesCount=None, favouritesCount=None, listedCount=None, mediaCount=None, location=None, protected=None, link=None, profileImageUrl=None, profileBannerUrl=None, label=None)]",[]
9,2023-05-19 20:09:11+00:00,1659652439354617857,ChatGPT √® gi√† un ricordo del passato. √à stata creata l'intelligenza artificiale che LEGGE I PENSIERI e li trasforma in testi. Il futuro distopico √® sempre pi√π vicino. üëΩ https://t.co/Wgp7YLPC1N,AntonioDeComite,2,it,,0,,[]
10,2023-05-19 20:01:29+00:00,1659650501439266830,"Uno studio ha dimostrato come gli assistenti di scrittura (come ChatGPT) siano in grado di influenzare il giudizio delle persone, senza che queste se ne rendano conto. Una bandierina rossa su un potenziale pericolo in questi strumenti. Di Enrico Bucci https://t.co/OoYsZVEN41",ilfoglio_it,16,it,,1,,['https://www.ilfoglio.it/tecnologia/2023/05/19/news/il-pericolo-di-utilizzare-l-ia-per-manipolare-le-opinioni-degli-utenti-5282094/']
11,2023-05-19 19:57:58+00:00,1659649618429222945,"Domande, consigli, ispirazioni, input. A dispetto delle critiche, continuo a pensare che il posizionamento scelto per ChatGPT sia in competizione (o complementare se parliamo di Bing) con quello dei motori di ricerca.",El_Pinta,1,it,,1,,[]
12,2023-05-19 19:50:36+00:00,1659647764978868224,@dottorbarbieri Hanno chiesto aiuto a chatGPT,F_actio,0,it,,0,"[User(username='dottorbarbieri', id=445201884, displayname='drb', rawDescription=None, renderedDescription=None, descriptionLinks=None, verified=None, created=None, followersCount=None, friendsCount=None, statusesCount=None, favouritesCount=None, listedCount=None, mediaCount=None, location=None, protected=None, link=None, profileImageUrl=None, profileBannerUrl=None, label=None)]",[]
13,2023-05-19 19:47:33+00:00,1659646996645289990,"La scuola impreparata davanti alla #IA generativa.
Prima vieta #ChatGPT, adesso lo adotta.
Serve pensiero critico e non posizioni preconcette.
https://t.co/UeXjChzJvz",dtalia,1,it,,0,,['https://www.repubblica.it/tecnologia/2023/05/19/news/chatgpt_a_scuola-400828799/']
14,2023-05-19 19:42:34+00:00,1659645744771375128,Tweet imbarazzante provi a giustificarsi dicendo che √® un'errore di ChatGPT ü§∑‚Äç‚ôÇÔ∏è,ste_manca,0,it,,0,,[]
15,2023-05-19 19:40:01+00:00,1659645101176668160,ChatGPT: ora √® disponibile l‚Äôapp ufficiale per iOS https://t.co/gEUGgebGOH,html_it,0,it,,0,,['http://dlvr.it/SpJg07']
16,2023-05-19 18:59:24+00:00,1659634878151905280,"Ho chiesto a #ChatGPT quali sono i motivi dell' #alluvione e mi sembra dalle risposte che siamo sono agli inizi...

#ClimateCrisis #EmiliaRomagna 

La quantit√† eccessiva di pioggia in un periodo cos√¨ breve √® un evento meteorologico eccezionale che pu√≤ accadere a causa di vari fattori come #cambiamenticlimatici , condizioni atmosferiche particolari, ecc.

Tuttavia, il motivo per cui queste forti piogge possono causare problemi significativi in una regione ha molto a che fare con la pianificazione urbana e l'uso del territorio.

Ecco alcuni fattori chiave:

1. **Impermeabilizzazione del suolo**: Nelle aree urbane, la gran parte del suolo √® coperta da strade, edifici e altre strutture artificiali che sono impermeabili. Quando piove, l'acqua non pu√≤ essere assorbita dal suolo come succederebbe in un'area naturale. Di conseguenza, scorre via, aumentando il rischio di inondazioni.

2. **Inadeguata gestione delle acque piovane**: Se i sistemi di drenaggio urbano non sono progettati per gestire eventi di pioggia eccezionali, l'acqua pu√≤ accumularsi rapidamente in strade e altri luoghi pubblici.

3. **Costruzione in zone a rischio**: A volte, gli edifici sono costruiti in zone che sono naturalmente soggette a inondazioni o smottamenti. Questo pu√≤ essere particolarmente problematico se le barriere naturali, come le foreste o le zone umide, che aiutano ad assorbire l'acqua piovana, vengono rimosse per fare spazio a nuove costruzioni.

4. **Cambiamenti nell'uso del suolo**: Quando le foreste o altri habitat naturali vengono rimossi per fare spazio a nuove costruzioni, la capacit√† del terreno di assorbire l'acqua piovana viene ridotta. Inoltre, le piante aiutano a stabilizzare il suolo, quindi la loro rimozione pu√≤ aumentare il rischio di smottamenti.

5. **Manutenzione inadeguata**: Infine, i sistemi di drenaggio urbano richiedono manutenzione regolare per rimuovere detriti e altri materiali che possono ostruire i canali di scolo. Se la manutenzione non viene eseguita correttamente, i sistemi di drenaggio possono diventare meno efficaci nel gestire le piogge intense.

Per mitigare questi problemi, √® importante che le citt√† adottino strategie di pianificazione urbana sostenibile, come la creazione di spazi verdi, l'utilizzo di superfici permeabili e la costruzione di sistemi di gestione delle acque piovane adeguati.",AVarignana,0,it,,1,,[]
17,2023-05-19 18:53:57+00:00,1659633507650420772,"üö® #Google alle prese con la concorrenza dell‚Äôintelligenza artificiale 

üëá #ChatGPT sbarca anche sugli altri smartphone, ma non si placano i dubbi. 

#news #19maggio https://t.co/UMJfnPbmFg",RedaFree_it,0,it,,0,,['https://www.free.it/2023/05/19/google-sotto-attacco-i-rischi-della-sfida-con-chatgpt-anche-sugli-smartphone/']
18,2023-05-19 18:47:25+00:00,1659631864405999629,"La comunicazione tramite chat √® diventata una componente essenziale della nostra vita quotidiana. Tuttavia, la privacy dei dati e la conservazione delle conversazioni sono temi di crescente importanza. In questo contesto, OpenAI ha sviluppato ChatGPT,

https://t.co/NGgGfetPUd https://t.co/47tHy3pIYs",tecnoandroidit,0,it,,0,,['https://www.tecnoandroid.it/2023/05/19/scopri-il-trucco-segreto-per-proteggere-la-tua-privacy-1226222']
19,2023-05-19 18:46:36+00:00,1659631658906054657,"Secondo #ChatGPT i migliori giocatori della storia del #Milan .

Pensieri? https://t.co/TdgzWDpG4O",arseldk96,0,it,,1,,[]
20,2023-05-19 18:31:22+00:00,1659627824183951366,#ChatGPT: il fenomeno del momento di Intelligenza Artificiale e la diffusione di app e tool di IA https://t.co/9px0LJarK2 #IntelligenzaArtificiale #IA #AI #digitale #startup #socialmedia #app #tech #innovation #blog,GiovannaDiTroia,3,it,,0,,['https://giodit.com/2023/01/30/chatgpt-il-fenomeno-del-momento-di-intelligenza-artificiale-e-la-diffusione-di-app-e-tool-di-ia/']
21,2023-05-19 18:23:42+00:00,1659625893751291905,"ChatGpt, le scuole di New York cambiano idea sul divieto: ""√à l'ora di abbracciarne le potenzialit√† con determinazione"" https://t.co/FcCBlGmozO",infoitestero,0,it,,0,,['https://www.informazione.it/a/4344D30F-7981-4B1B-B9F4-42011B182EB2/ChatGpt-le-scuole-di-New-York-cambiano-idea-sul-divieto-e-l-ora-di-abbracciarne-le-potenzialita-con-determinazione']
22,2023-05-19 18:21:38+00:00,1659625373515038727,HTNovo: Disponibile la cronologia delle conversazioni in #BingChat #ChatGPT #Microsoft  https://t.co/jO5gFJvvzr,HTNOVO,0,it,,0,,['https://www.htnovo.net/2023/05/cronologia-bing-chat.html?spref=tw']
23,2023-05-19 18:15:55+00:00,1659623935938314241,"Comunque #ChatGPT miglior collega mai avuto.
In 5 min mi ha generato il codice per una pagina che avrei impiegato ore a realizzare, soprattutto a quest'ora.
ü§©
Serata libera.",_mediocretes,2,it,,1,,[]
24,2023-05-19 18:14:17+00:00,1659623524980408333,"A @pintofscienceIT, il 22 maggio si parler√† di #ChatGPT con la professoressa Gabriella Pasi (Dipartimento di Informatica, Sistemistica e Comunicazione) ü§ñ‚¨áÔ∏è
https://t.co/3wGruTzMc5",unimib,7,it,,0,"[User(username='pintofscienceIT', id=3003392104, displayname='Pint of Science IT', rawDescription=None, renderedDescription=None, descriptionLinks=None, verified=None, created=None, followersCount=None, friendsCount=None, statusesCount=None, favouritesCount=None, listedCount=None, mediaCount=None, location=None, protected=None, link=None, profileImageUrl=None, profileBannerUrl=None, label=None)]",['https://bnews.unimib.it/blog/chatgpt-parliamone-al-pub-lintervento-di-gabriella-pasi-allevento-pint-of-science-italia/']
25,2023-05-19 18:12:48+00:00,1659623153478320132,"üì± #OpenAI lancia l'app ufficiale di #ChatGPT, per ora in USA e solo per iPhone

&gt;&gt;&gt; https://t.co/O0y4d5FDRI &lt;&lt;&lt;
In diretta dal canale #Telegram #GioDiT

#IntelligenzaArtificiale #IA #AI #digitale #socialmedia #app #tech #innovation #Apple https://t.co/pZBgZlL9A4",GiovannaDiTroia,21,it,,1,,['https://t.me/GioDiT/2318']
26,2023-05-19 17:54:09+00:00,1659618458294788097,"Questa restrizione sarebbe la conseguenza delle preoccupazioni per la condivisione di informazioni sensibili con l'azienda che gestisce ChatGPT...

 https://t.co/6SrwzjMRXU",luca0577,0,it,,0,,['https://ift.tt/oL5K3yz']
27,2023-05-19 17:52:26+00:00,1659618026197532672,"Economia digitale, le incognite di ChatGpt e l‚Äôintelligenza artificiale https://t.co/vyOHbSKlTz",bizcommunityit,0,it,,0,,['https://news.google.com/rss/articles/CBMiaWh0dHBzOi8vd3d3Lmlsc29sZTI0b3JlLmNvbS9hcnQvZWNvbm9taWEtZGlnaXRhbGUtaW5jb2duaXRlLWNoYXRncHQtZS1sLWludGVsbGlnZW56YS1hcnRpZmljaWFsZS1BRWFueGFVRNIBLWh0dHBzOi8vYW1wMjQuaWxzb2xlMjRvcmUuY29tL3BhZ2luYS9BRWFueGFVRA?oc=5']
28,2023-05-19 17:45:48+00:00,1659616358156451843,"@franzrusso @YouTrend @pensierosolido @InTime_Blog @antoniopalmieri @ezekiel @jeperego @antpavolini @Miti_Vigliero Franz, come ti spieghi la campagna a favore di chatGPT che sta facendo Repubblica? Vogliono ridurre la forza lavoro o hanno comprato boh azioni?",swamilee,1,it,,1,"[User(username='franzrusso', id=19284516, displayname='Franz Russo', rawDescription=None, renderedDescription=None, descriptionLinks=None, verified=None, created=None, followersCount=None, friendsCount=None, statusesCount=None, favouritesCount=None, listedCount=None, mediaCount=None, location=None, protected=None, link=None, profileImageUrl=None, profileBannerUrl=None, label=None), User(username='YouTrend', id=33362880, displayname='YouTrend', rawDescription=None, renderedDescription=None, descriptionLinks=None, verified=None, created=None, followersCount=None, friendsCount=None, statusesCount=None, favouritesCount=None, listedCount=None, mediaCount=None, location=None, protected=None, link=None, profileImageUrl=None, profileBannerUrl=None, label=None), User(username='pensierosolido', id=83940879, displayname='Fondazione Pensiero Solido', rawDescription=None, renderedDescription=None, descriptionLinks=None, verified=None, created=None, followersCount=None, friendsCount=None, statusesCount=None, favouritesCount=None, listedCount=None, mediaCount=None, location=None, protected=None, link=None, profileImageUrl=None, profileBannerUrl=None, label=None), User(username='InTime_Blog', id=2609108210, displayname='InTime Blog', rawDescription=None, renderedDescription=None, descriptionLinks=None, verified=None, created=None, followersCount=None, friendsCount=None, statusesCount=None, favouritesCount=None, listedCount=None, mediaCount=None, location=None, protected=None, link=None, profileImageUrl=None, profileBannerUrl=None, label=None), User(username='antoniopalmieri', id=6827962, displayname='Antonio Palmieri', rawDescription=None, renderedDescription=None, descriptionLinks=None, verified=None, created=None, followersCount=None, friendsCount=None, statusesCount=None, favouritesCount=None, listedCount=None, mediaCount=None, location=None, protected=None, link=None, profileImageUrl=None, profileBannerUrl=None, label=None), User(username='ezekiel', id=695753, displayname='ezekiel', rawDescription=None, renderedDescription=None, descriptionLinks=None, verified=None, created=None, followersCount=None, friendsCount=None, statusesCount=None, favouritesCount=None, listedCount=None, mediaCount=None, location=None, protected=None, link=None, profileImageUrl=None, profileBannerUrl=None, label=None), User(username='jeperego', id=2227711330, displayname='Jeanne Perego ü•®', rawDescription=None, renderedDescription=None, descriptionLinks=None, verified=None, created=None, followersCount=None, friendsCount=None, statusesCount=None, favouritesCount=None, listedCount=None, mediaCount=None, location=None, protected=None, link=None, profileImageUrl=None, profileBannerUrl=None, label=None), User(username='antpavolini', id=3015121, displayname='antonio pavolini', rawDescription=None, renderedDescription=None, descriptionLinks=None, verified=None, created=None, followersCount=None, friendsCount=None, statusesCount=None, favouritesCount=None, listedCount=None, mediaCount=None, location=None, protected=None, link=None, profileImageUrl=None, profileBannerUrl=None, label=None), User(username='Miti_Vigliero', id=117701249, displayname='Mit√¨ Vigliero', rawDescription=None, renderedDescription=None, descriptionLinks=None, verified=None, created=None, followersCount=None, friendsCount=None, statusesCount=None, favouritesCount=None, listedCount=None, mediaCount=None, location=None, protected=None, link=None, profileImageUrl=None, profileBannerUrl=None, label=None)]",[]
29,2023-05-19 17:43:13+00:00,1659615708307701761,"‚ÄúIl problema non √® Chatgpt ma √® il capitalismo‚Äù. Emanuele Chiti, ‚Äòfilosofo della scena romana‚Äô",arcamasilum,1,it,,0,,[]
30,2023-05-19 17:29:01+00:00,1659612133921890304,"ChatGPT for business, il nostro Pietro Orciuolo ne parla per F√≤rema https://t.co/lbJE3naJjL",checovenier,4,it,,1,,['https://lnkd.in/dX2Q4wGa']
31,2023-05-19 17:25:26+00:00,1659611230263296007,"La legge di Moore √® incompatibile con l‚ÄôAI.

ü§Øü§Øü§Ø
#ChatGPT #Ai #ArtificialIntelligence #IntelligenzaArtificiale",GianLink,1,it,,0,,[]
32,2023-05-19 17:23:06+00:00,1659610645526982661,"üì£ Nuovo Podcast! ""Puntata 98 del 19 maggio 2023 - Roba da SEO il podcast sulla SEO e il Pay Per Click a cura di Fabrizio Gabrielli di Pistakkio Marketing"" su @Spreaker #bard #chatgpt #google #openai #pistakkio https://t.co/2opSzRF7Ou",pistakkiomktg,0,it,,0,"[User(username='spreaker', id=53469538, displayname='Spreaker', rawDescription=None, renderedDescription=None, descriptionLinks=None, verified=None, created=None, followersCount=None, friendsCount=None, statusesCount=None, favouritesCount=None, listedCount=None, mediaCount=None, location=None, protected=None, link=None, profileImageUrl=None, profileBannerUrl=None, label=None)]",['https://www.spreaker.com/user/pistakkio/puntata-98-del-19-maggio-2023-roba-da-se']
33,2023-05-19 17:22:18+00:00,1659610443617386509,"""Molti pensano che usando strumenti come ChatGpt a scuola noi studenti imbrogliamo. Ma come si pu√≤ definire un imbroglio uno strumento che ci ritroveremo a dover usare in futuro, sul posto di lavoro, nella nostra vita?""

https://t.co/VuIuoMFkH6 via @repubblica",balex67,0,it,,0,"[User(username='repubblica', id=18935802, displayname='Repubblica', rawDescription=None, renderedDescription=None, descriptionLinks=None, verified=None, created=None, followersCount=None, friendsCount=None, statusesCount=None, favouritesCount=None, listedCount=None, mediaCount=None, location=None, protected=None, link=None, profileImageUrl=None, profileBannerUrl=None, label=None)]",['https://www.repubblica.it/tecnologia/2023/05/19/news/chatgpt_a_scuola-400828799/?ref=RHLF-BG-P7-S1-T1&__vfz=medium%3Dsharebar']
34,2023-05-19 17:18:43+00:00,1659609539891675146,@matteosalvinimi Manco chat GPT ti pu√≤ salvare,Lucamatta4,5,it,,1,"[User(username='matteosalvinimi', id=270839361, displayname='Matteo Salvini', rawDescription=None, renderedDescription=None, descriptionLinks=None, verified=None, created=None, followersCount=None, friendsCount=None, statusesCount=None, favouritesCount=None, listedCount=None, mediaCount=None, location=None, protected=None, link=None, profileImageUrl=None, profileBannerUrl=None, label=None)]",[]
35,2023-05-19 16:48:37+00:00,1659601967079907328,ChatGPT diventa app: occhio a quelle fake https://t.co/dzRxZa5Tzj,qui_finanza,1,it,,0,,['https://quifinanza.it/innovazione/video/chatgpt-diventa-app-ios-android-attenzione-fake/711356/']
36,2023-05-19 16:48:28+00:00,1659601928525955076,.@lellamazzoli ‚ÄúA #fgcult23 parleremo anche di ChatGPT con @barbaracarfagna. Saranno presenti anche studiosi accademici e persone che operano nel settore dell‚Äôintelligenza artificiale‚Äù. #SalTo23 https://t.co/1F2WTgXXop,fgcult,3,it,,0,"[User(username='lellamazzoli', id=104203545, displayname='lellamazzoli', rawDescription=None, renderedDescription=None, descriptionLinks=None, verified=None, created=None, followersCount=None, friendsCount=None, statusesCount=None, favouritesCount=None, listedCount=None, mediaCount=None, location=None, protected=None, link=None, profileImageUrl=None, profileBannerUrl=None, label=None), User(username='barbaracarfagna', id=90845433, displayname='barbara carfagna', rawDescription=None, renderedDescription=None, descriptionLinks=None, verified=None, created=None, followersCount=None, friendsCount=None, statusesCount=None, favouritesCount=None, listedCount=None, mediaCount=None, location=None, protected=None, link=None, profileImageUrl=None, profileBannerUrl=None, label=None)]",[]
37,2023-05-19 16:44:57+00:00,1659601043368431616,"Un ricercatore prende parola durante una conferenza su intelligenza artificiale. 

In un passaggio dice: ‚ÄúCos‚Äô√® l‚ÄôAi in qualche modo lo sapete tutti perch√© tutti avete pi√π o meno usato ChatGpt‚Äù. 

Percepisco la potenza della scelta fatta da OpenAI lo scorso dicembre",arcamasilum,2,it,,0,,[]
38,2023-05-19 16:40:00+00:00,1659599797689675777,"#ChatGPT, la celebre piattaforma sviluppata da OpenAI, √® ora disponibile sull‚ÄôApp Store di @Apple  https://t.co/he8b35Zhuz",Key4biz,0,it,,0,"[User(username='Apple', id=380749300, displayname='Apple', rawDescription=None, renderedDescription=None, descriptionLinks=None, verified=None, created=None, followersCount=None, friendsCount=None, statusesCount=None, favouritesCount=None, listedCount=None, mediaCount=None, location=None, protected=None, link=None, profileImageUrl=None, profileBannerUrl=None, label=None)]",['https://www.key4biz.it/usa-chatgpt-disponibile-sullapp-store-negli-stati-uniti-parte-la-guerra-a-google/446819/']
39,2023-05-19 16:35:06+00:00,1659598564186529792,"L‚Äôimpatto di ChatGPT sul lavoro del copywriter e di chi, pi√π in generale, scrive testi https://t.co/dnMhCpiNif",_digibrain,0,it,,0,,['https://ift.tt/N41795p']
40,2023-05-19 16:33:35+00:00,1659598183947812886,"Chat GPT app, finalmente arriva su iPhone e iPad 
#TuSeiFuturo #ChatGPT #IntelligenzaArtificiale  https://t.co/Nq8fYvXxKA",FastwebPlus,1,it,,0,,['https://gofw.it/chatgpt_app']
41,2023-05-19 16:33:27+00:00,1659598151899070464,"La popolare piattaforma Chat GPT, che ha conquistato il cuore degli utenti con il suo chatbot avanzato e le sue conversazioni intelligenti, si √® evoluta diventando un‚Äôapplicazione per smartphone. Ma sono anche in agguato nuove truffe. #App #economia

https://t.co/PFrTq7WjhF https://t.co/wharM9Yvrp",lacittanews,0,it,,0,,['https://lacittanews.it/chat-gpt-diventa-anche-app-ma-attenzione-alle-truffe/']
42,2023-05-19 16:33:17+00:00,1659598108387360768,ma secondo me il copione della mia vita √® stato scritto con chat gpt https://t.co/hOd86dgAvV,troiaafragolese,0,it,,0,,[]
43,2023-05-19 16:28:36+00:00,1659596929251045376,Un'altra lettera di #ChatGPT,Christianzu76,0,it,,0,,[]
44,2023-05-19 16:27:02+00:00,1659596535955611654,ChatGPT ora disponibile su iPhone: ecco come https://t.co/iA5x0gv4EH,webmasterpoint,0,it,,0,,['https://www.webmasterpoint.org/news/internet/chatgpt-ora-disponibile-su-iphone-ecco-come/?utm_source=dlvr.it&utm_medium=twitter']
45,2023-05-19 16:21:57+00:00,1659595254809477120,"AI Powered ChaiGPT ü§£ü§£ü§£
AI = Adrak (Ginger) &amp; Ilaichi (Cardamom)

Chai = Tea  

#ChatGPT https://t.co/mbSOL7SEVy",Sem_content,2,it,,0,,[]
46,2023-05-19 16:18:36+00:00,1659594414770077699,"@dottorbarbieri Staranno chiedendo a chatGPT 
""come si vince una guerra contro la Russia?""",Luca80305056,15,it,,0,"[User(username='dottorbarbieri', id=445201884, displayname='drb', rawDescription=None, renderedDescription=None, descriptionLinks=None, verified=None, created=None, followersCount=None, friendsCount=None, statusesCount=None, favouritesCount=None, listedCount=None, mediaCount=None, location=None, protected=None, link=None, profileImageUrl=None, profileBannerUrl=None, label=None)]",[]
47,2023-05-19 16:17:53+00:00,1659594233441820674,"‚ÄúScusate, su ChatGpt ci siamo sbagliati‚Äù. La marcia indietro delle scuole di NY √® una lezione per tutti - la Repubblica https://t.co/TlB2urLScM",DavideDana,0,it,,0,,['https://www.repubblica.it/tecnologia/2023/05/19/news/chatgpt_a_scuola-400828799/']
48,2023-05-19 16:15:00+00:00,1659593506820853760,"Sam #Altman, padre di #ChatGPT, parla al Senato Usa ed espone tutti i rischi delle tecnologie di #IA. Incognite sulle regole di addestramento.
https://t.co/J4l6hK0rAr",thewatcherpost,3,it,,0,,['https://www.thewatcherpost.it/innovazione/il-ceo-di-chatgpt-propone-unagenzia-per-la-sicurezza-delle-ia/']
49,2023-05-19 16:14:06+00:00,1659593280655327235,"cosa facciate e qualunque sia il vostro settore, sarete migliaia di volte avanti nei prossimi anni rispetto a tutti gli altri. 

#intelligenzaartificiale #chatgpt #OpenAI",giomaddaloni,0,it,,0,,[]
50,2023-05-19 16:13:00+00:00,1659593003445395457,"#Marketing Must Read: L'impatto di ChatGPT sul lavoro del copywriter e di chi, pi√π in generale, scrive testi https://t.co/aKGmXvxcTl https://t.co/r0H6eHz5Qo",Pier_Barbaro,0,it,,0,,['https://ift.tt/hq8zCfM']
51,2023-05-19 16:01:09+00:00,1659590021001666562,ü§ñ#ChatGPT pu√≤ portare alla perdita di #postidilavoro? Il campanello d‚Äôallarme lanciato da uno #studio congiunto condotto da 3 #universit√† americane ha individuato le professioni a rischio. Scopri di pi√π ‚û°Ô∏è https://t.co/sZ5YJ2HYbm https://t.co/xG30OQTR7T,spremute,1,it,,0,,['http://ow.ly/hkMr50Os45Q']
52,2023-05-19 16:00:24+00:00,1659589833738551296,"Se sei un dipendente Apple non puoi utilizzare il chatbot AI o simili üëÄüçè #ChatGPT
https://t.co/m9vzBwrVj0",hwupgrade,0,it,,0,,['https://www.hwupgrade.it/news/apple/apple-vieta-ai-suoi-dipendenti-di-usare-chatgpt-ecco-perche_116913.html']
53,2023-05-19 15:59:16+00:00,1659589548102365184,"‚ÄúScusate, su ChatGpt ci siamo sbagliati‚Äù. La marcia indietro delle scuole di NY √® una lezione per tutti https://t.co/0liyoH1qzn via @repubblica",GiGhi50,0,it,,0,"[User(username='repubblica', id=18935802, displayname='Repubblica', rawDescription=None, renderedDescription=None, descriptionLinks=None, verified=None, created=None, followersCount=None, friendsCount=None, statusesCount=None, favouritesCount=None, listedCount=None, mediaCount=None, location=None, protected=None, link=None, profileImageUrl=None, profileBannerUrl=None, label=None)]",['https://www.repubblica.it/tecnologia/2023/05/19/news/chatgpt_a_scuola-400828799/?ref=RHLF-BG-P6-S1-T1&__vfz=medium%3Dsharebar']
54,2023-05-19 15:57:30+00:00,1659589102512078849,Apple vieta l'uso di ChatGPT ai dipendenti per timore di data leak¬† https://t.co/jvNPXQ4t50,IriparoNovara,0,it,,0,,['https://iriparonovara.altervista.org/apple-vieta-luso-di-chatgpt-ai-dipendenti-per-timore-di-data-leak/']
55,2023-05-19 15:52:44+00:00,1659587904492978177,"Chat GPT via app? Lo vedremo a breve, disponibile su iPhone e Android.
Una nuova grande rivoluzione per le attivit√† di tutti i giorni.
Capito, Google? #Bard, puoi sentirmi? 

#ChatGPT #IntelligenzaArtificiale https://t.co/iFE6jSEWug",Sigla,0,it,,0,,['https://lnkd.in/daFNHXGV']
56,2023-05-19 15:51:57+00:00,1659587704378601473,".@lellamazzoli: ‚ÄúL‚Äô11¬™ edizione del Festival del giornalismo culturale sar√† dedicata alla Lettura, un tema caro a questo Salone, ma anche alla scrittura e alle nuove tecnologie come l‚Äôintelligenza artificiale di ChatGPT.‚Äù #fgcult23 #SalTo23 @RegioneMarcheIT https://t.co/q51mkSs3Y9",fgcult,3,it,,0,"[User(username='lellamazzoli', id=104203545, displayname='lellamazzoli', rawDescription=None, renderedDescription=None, descriptionLinks=None, verified=None, created=None, followersCount=None, friendsCount=None, statusesCount=None, favouritesCount=None, listedCount=None, mediaCount=None, location=None, protected=None, link=None, profileImageUrl=None, profileBannerUrl=None, label=None), User(username='RegioneMarcheIT', id=1095090072, displayname='Regione Marche', rawDescription=None, renderedDescription=None, descriptionLinks=None, verified=None, created=None, followersCount=None, friendsCount=None, statusesCount=None, favouritesCount=None, listedCount=None, mediaCount=None, location=None, protected=None, link=None, profileImageUrl=None, profileBannerUrl=None, label=None)]",[]
57,2023-05-19 15:49:15+00:00,1659587025693995009,"ATTENZIONE: Altman CEO di OpenAI (ChatGPT) ha fondato una nuova valuta digitale globale.
https://t.co/U0TCM3BOA4",F_Carrino,3,it,,0,,['https://www.youtube.com/watch?v=CmBjZJtZI_k']
58,2023-05-19 15:43:32+00:00,1659585589430083585,"Nuova notizia su #SearchEngineLand ""OpenAI launches ChatGPT iPhone app"" Ecco il link: https://t.co/Kms8p154nj",dtorreseo,0,it,,0,,['https://ift.tt/gZTSn8G']
59,2023-05-19 15:37:16+00:00,1659584012887760896,ChatGPT diventa app: disponibile su iOS e (presto) Android - Il Sole 24 ORE https://t.co/PRm4aMONdV via @GoogleNews,lilly69y,0,it,,0,"[User(username='googlenews', id=33584794, displayname='Google News', rawDescription=None, renderedDescription=None, descriptionLinks=None, verified=None, created=None, followersCount=None, friendsCount=None, statusesCount=None, favouritesCount=None, listedCount=None, mediaCount=None, location=None, protected=None, link=None, profileImageUrl=None, profileBannerUrl=None, label=None)]",['https://www.ilsole24ore.com/art/chatgpt-diventa-app-disponibile-ios-e-presto-android-AEGo9SVD']
60,2023-05-19 15:35:35+00:00,1659583588814258178,"üì≤ #ChatGPT √® ora disponibile anche negli USA sotto forma di un‚Äôapp per iPhone. Cosa ci si pu√≤ fare? ‚¨áÔ∏è
https://t.co/8dl9cvpzvG",RadioZetaOf,2,it,,0,,['https://pulse.ly/do98u78hfw']
61,2023-05-19 15:26:04+00:00,1659581191744286720,In nome di vaneggiamenti sull'inclusivit√† tipici dei cervelli in pappa le scuole di NY si arrendono alle macchine e consentiranno il pieno utilizzo di #ChatGPT. L'istruzione USA gi√† tra le peggiori al mondo sforner√† solo automi che senza smartphone neanche sapranno fare 2 + 2.,rotovisor,0,it,,0,,[]
62,2023-05-19 15:23:17+00:00,1659580490410541056,"ChatGPT non √® in grado di generare una risposta che non c'√®.
Quindi i #novax e i #terrapiattisti si rassegnino.",My_Salute,3,it,,0,,[]
63,2023-05-19 15:09:55+00:00,1659577128818561029,"Sam Altman (ChatGpt) al Senato Usa: ¬´Se con l'intelligenza artificiale si mettesse male, pu√≤ finire molto male¬ª | https://t.co/ScQYved6zN https://t.co/Zy0O27iPkv",CMGrassi,0,it,,0,,"['http://Corriere.it', 'https://www.corriere.it/tecnologia/23_maggio_16/sam-altman-chatgpt-audizione-senato-usa-intelligenza-artificiale-allarme-b0da7bc4-f198-4b28-9349-b4e726f3bxlk.shtml?refresh_ce']"
64,2023-05-19 15:00:18+00:00,1659574706507505664,Apple: vieta ChatGpt ad alcuni dipendenti https://t.co/nobFSsMMAZ,FolBorse,0,it,,0,,['http://dlvr.it/SpHzbn']
65,2023-05-19 14:57:01+00:00,1659573883408662528,"""ChatGPT scrivi una cazzata paternalistica sull'alluvione che getti merda sugli attivisti e dia man forte al governo"" https://t.co/D1DEOUnHnV",v2Dark,473,it,,13,,[]
66,2023-05-19 14:53:45+00:00,1659573058477125633,Chatgpt ‚Äúscrivi un post su ¬´kate middelton camilla inchino incoronazione¬ª‚Äù,SaintGiovese,5,it,,0,,[]
67,2023-05-19 14:50:40+00:00,1659572285198548994,"Il #pensierocritico verr√† messo in crisi da #ChatGPT ?
https://t.co/4Yv8DD3eaI",Pencrit,1,it,,0,,['https://www.ie.edu/insights/articles/chatgpt-and-the-decline-of-critical-thinking/']
68,2023-05-19 14:43:16+00:00,1659570420645756934,Il potenziale di ChatGPT per la summarization di testi giuridici https://t.co/Giy93fqBDc,MilanoCitExpo,0,it,,0,,['https://ift.tt/F91GLOt']
69,2023-05-19 14:33:49+00:00,1659568042508967942,"@_a1_s2_d3_ ‚Ä¶e anche ChatGPT concorderebbe con @NonaMikhelidze

‚Äúpotrei ribattere punto x punto ed essere contro-ribattuto dal prof. Galilei‚Äù

#E_PUR_SI_MUOVE, perlaminchiadiGiove !!",call_me_yozo,1,it,,0,"[User(username='_a1_s2_d3_', id=958958707840311303, displayname='‚´∂ŒõÃä‚´∂∆ßÃä‚´∂DÃä', rawDescription=None, renderedDescription=None, descriptionLinks=None, verified=None, created=None, followersCount=None, friendsCount=None, statusesCount=None, favouritesCount=None, listedCount=None, mediaCount=None, location=None, protected=None, link=None, profileImageUrl=None, profileBannerUrl=None, label=None), User(username='NonaMikhelidze', id=1437857154669682688, displayname='Nona Mikhelidze', rawDescription=None, renderedDescription=None, descriptionLinks=None, verified=None, created=None, followersCount=None, friendsCount=None, statusesCount=None, favouritesCount=None, listedCount=None, mediaCount=None, location=None, protected=None, link=None, profileImageUrl=None, profileBannerUrl=None, label=None)]",[]
70,2023-05-19 14:25:00+00:00,1659565826159017988,"Austin: chef usa ChatGPT per creare una ricetta, ma il risultato non convince https://t.co/iIBSXFtBGI",mastervmware,0,it,,0,,['https://buff.ly/42RBDZu']
71,2023-05-19 14:20:36+00:00,1659564715507417088,Potrei ribattere punto x punto ma non mi funziona chatgpt .. quindi saluti üòÖ,_a1_s2_d3_,3,it,,1,,[]
72,2023-05-19 14:19:44+00:00,1659564499228143618,"Open AI annuncia la nuova app #ChatGPT per iOS.

Articolo completo nel primo commento.",bereadygruppo,0,it,,1,,[]
73,2023-05-19 14:16:48+00:00,1659563760133058563,Immagina ricevere come pezzo di prova di uno che vuole entrare in redazione un pezzo che sembra scritto da chatgpt,claudidur,3,it,,0,,[]
74,2023-05-19 14:16:40+00:00,1659563726012334087,"#AI #Intelligenza #Artificiale, #Altman numero uno di #OpenAI (#ChatGPT) lancia l'#allarme: ""Va #regolamentata #subito"" https://t.co/7bMMkLR5SL via @wallstreetita",alfrig409,0,it,,0,"[User(username='wallstreetita', id=159211191, displayname='Wall Street Italia', rawDescription=None, renderedDescription=None, descriptionLinks=None, verified=None, created=None, followersCount=None, friendsCount=None, statusesCount=None, favouritesCount=None, listedCount=None, mediaCount=None, location=None, protected=None, link=None, profileImageUrl=None, profileBannerUrl=None, label=None)]",['https://www.wallstreetitalia.com/intelligenza-artificiale-altman-lancia-lallarme-va-regolamentata-subito/']
75,2023-05-19 14:15:03+00:00,1659563319819137026,Apple vieta l'uso di ChatGPT ai dipendenti per timore di data leak - https://t.co/n27W6jsyc0,InvestingItalia,0,it,,0,,['https://invst.ly/104gse']
76,2023-05-19 14:06:36+00:00,1659561195265830912,"II ""mito"" di ChatGPT e la disumanizzazione dei contenuti
#redhotcyber
#informationsecurity
#ethicalhacking
#dataprotection #hacking
#cybersecurity #cybercrime
#cybersecurityawareness
#cybersecuritytraining
#cybersecuritynews #privacy
#infosecurity https://t.co/dAwaRMEvD3",jerrick_hack90,0,it,,0,,[]
77,2023-05-19 14:06:18+00:00,1659561120112287749,ChatGPT se il 10% dei cani provoca l'80% delle aggressioni che soluzione possiamo utilizzare per risolvere il problema https://t.co/OMno1NKAQR,gas_lerner,25,it,,5,,[]
78,2023-05-19 14:03:40+00:00,1659560454857916417,ChatGPT riceve il suo pi√π grande aggiornamento di sempre e ora si collega a Internet #riceve #ChatGPT #il #pi√π #suo üóûÔ∏èü§ìüëâ https://t.co/DWi8rctGCu,andreastoolbox,0,it,,0,,['https://www.smartworld.it/news/chatgpt-connesso-internet.html']
79,2023-05-19 14:01:01+00:00,1659559789997838336,"üî• OpenAI¬†ha finalmente lanciato l‚Äôapp mobile ufficiale di ChatGPT, al momento disponibile su iOS per iPhone e iPad negli Stati Uniti. 

#openai #cryptoitalia #cryptonews #cryptoworld #technology #ai #chatgpt #chatgptnews #chatgpt4 https://t.co/bczyIq7Vy4",Cryptoland_ita,3,it,,1,,[]
80,2023-05-19 14:00:03+00:00,1659559544010297344,"AI, GPT, DALL-E..: quale sar√† l'impatto per l'occupazione? di https://t.co/OGMu5FGgYe
https://t.co/4RM18h1Wzt
#occupazione #lavoro #ai #gpt #alle #impatto #chatgpt #modelli #generativi #mercato #tecnologie #piattaforme #ridimensionamento #aziende #costi #produttivit√† #business https://t.co/kW4SKvOLUE",ma_rosati,0,it,,0,,"['http://html.it', 'https://www.html.it/magazine/ai-gpt-dall-e-quale-sara-limpatto-per-loccupazione/']"
81,2023-05-19 13:52:42+00:00,1659557696159248384,Il potenziale di ChatGPT per la summarization di testi giuridici https://t.co/xWzTUaSet1,akamasensei,0,it,,0,,['https://ift.tt/jSDB7Vs']
82,2023-05-19 13:48:49+00:00,1659556717217054720,Il potenziale di ChatGPT per la summarization di testi giuridici https://t.co/Ij8J2zckCu via #agendadigitale_eu,Piersoft,0,it,,0,,['https://bit.ly/45j7Pa6']
83,2023-05-19 13:47:25+00:00,1659556367533846529,Il potenziale di ChatGPT per la summarization di testi giuridici https://t.co/Mg11gbpSg6,giovannidalloli,0,it,,0,,['https://ift.tt/Vf59Jep']
84,2023-05-19 13:41:34+00:00,1659554892329938944,Guidare per non farsi guidare #ChatGpt https://t.co/ScVdvCa3DD via @repubblica,paoloigna1,2,it,,0,"[User(username='repubblica', id=18935802, displayname='Repubblica', rawDescription=None, renderedDescription=None, descriptionLinks=None, verified=None, created=None, followersCount=None, friendsCount=None, statusesCount=None, favouritesCount=None, listedCount=None, mediaCount=None, location=None, protected=None, link=None, profileImageUrl=None, profileBannerUrl=None, label=None)]",['https://www.repubblica.it/tecnologia/2023/05/19/news/chatgpt_a_scuola-400828799/?ref=RHLF-BG-P6-S2-T1&__vfz=medium%3Dsharebar']
85,2023-05-19 13:40:58+00:00,1659554745147707392,"La marcia indietro delle scuole di New York su ChatGPT: inizialmente vietato, ora si cambia: ‚ÄúAbbracciamo le sue potenzialit√† con determinazione‚Äù https://t.co/8zVannRbxn",orizzontescuola,0,it,,0,,['https://ift.tt/np4jDNQ']
86,2023-05-19 13:39:37+00:00,1659554401650982915,"Oggi √® stato scoperto che Apple ha vietato, ai suoi dipendenti di tutto il mondo, di usare IA generative sul posto di lavoro.

#Apple #IA #ChatGPT #AppleBlog #AppleNews",Vittorino1806,0,it,,0,,[]
87,2023-05-19 13:29:23+00:00,1659551827740827649,@eflatmajor73 Sei stato trollato da chat gpt ü§´,fsinisk,1,it,,0,"[User(username='eflatmajor73', id=977309495033565188, displayname='Eflatmajor73 i never argue, i explain.üìñüìöüéºüè≥Ô∏è\u200düåà', rawDescription=None, renderedDescription=None, descriptionLinks=None, verified=None, created=None, followersCount=None, friendsCount=None, statusesCount=None, favouritesCount=None, listedCount=None, mediaCount=None, location=None, protected=None, link=None, profileImageUrl=None, profileBannerUrl=None, label=None)]",[]
88,2023-05-19 13:26:47+00:00,1659551173005701120,"üîêüçé Apple prende una svolta importante per la privacy! I dipendenti non possono pi√π utilizzare ChatGPT. Si delinea un nuovo scenario nella guerra per la sicurezza dei dati. 

#PrivacyFirst #Apple #DataLeak #ChtaGBT #Crypto #CryptoCommunity #CryptoUpdate #cryptocurrency https://t.co/2sPWcCxZ1I",CrypDroop,2,it,,2,,[]
89,2023-05-19 13:25:56+00:00,1659550961226874880,"#ChatGPT ora pu√≤ navigare sul web per cercare informazioni aggiornate.
- Io: https://t.co/668GhAjeko",Ginu_x,0,it,,0,,[]
90,2023-05-19 13:22:24+00:00,1659550071149539328,"Nel video si dice che #ChatGpt aiuter√† chi perde il lavoro a mettersi in contatto con altri imprenditori... üòÜüòÜüòÜ

E perch√© un imprenditore dovrebbe assumere un essere umano che costa 60 mila euro all'anno e che lavora 40 ore a se‚Ä¶https://t.co/2yi8dXPQmR https://t.co/z6oNk5VRbz",7Claus,0,it,,0,,"['https://lnkd.in/dqRNgR-A', 'https://lnkd.in/d-TQhNg5']"
91,2023-05-19 13:21:38+00:00,1659549876944764928,#Apple limita l‚Äôuso di #ChatGPT ai dipendenti https://t.co/wz72KxrhEE,askanews_ita,0,it,,0,,['https://askanews.it/2023/05/19/apple-limita-luso-di-chatgpt-ai-dipendenti/']
92,2023-05-19 13:21:18+00:00,1659549796053516289,Apple limita l‚Äôuso di ChatGpt ai dipendenti https://t.co/rg3F33uzwh A,Primaonline,0,it,,0,,['https://buff.ly/3MFL7Br']
93,2023-05-19 13:21:17+00:00,1659549791016337408,"@gigi52335676 ""Ne ho 15000 a casa"" - Secondo ChatGPT, 15000 libri portano via circa 100 pareti con librerie di dimensioni medie, oppure 13.15 metri cubi se inscatolati. Anche togliendo ogni quadro ed utilizzando soffitti e pavimenti, Sangiuliano o vive a Versailles oppure spara numeri a cazzo.",elf_uma,20,it,,6,"[User(username='gigi52335676', id=4185660388, displayname='gigi', rawDescription=None, renderedDescription=None, descriptionLinks=None, verified=None, created=None, followersCount=None, friendsCount=None, statusesCount=None, favouritesCount=None, listedCount=None, mediaCount=None, location=None, protected=None, link=None, profileImageUrl=None, profileBannerUrl=None, label=None)]",[]
94,2023-05-19 13:19:14+00:00,1659549274735099906,"Apple vieta l'uso di ChatGPT ai dipendenti per timore di data leak

leggi su Gloo
https://t.co/Z1ZDCYANaG
#gloo #ecosistemaonline https://t.co/4vmUwiRtlK",glooit,0,it,,0,,['https://www.gloo.it/apple-vieta-luso-di-chatgpt-ai-dipendenti-per-timore-di-data-leak/']
95,2023-05-19 13:12:51+00:00,1659547668970913798,RT ‚Äú Apple impedisce ai dipendenti di utilizzare ChatGPT e altre applicazioni simili per timore di un'esposizione di dati riservati. https://t.co/Sf1py97ETM‚Äù,lecriptovalute,0,it,,0,,['https://it.cointelegraph.com/news/apple-bans-chat-gpt-employee-use']
96,2023-05-19 13:01:34+00:00,1659544827631992833,"Dopo essere approdato sugli smartphone tramite Bing di Microsoft, ChatGpt si fa app vera e propria e sceglie i device Apple per il debutto. Ma molto presto arriver√† anche su Android della rivale Google. https://t.co/oDRLPkeSAf",StartMagNews,1,it,,0,,['https://www.startmag.it/innovazione/e-ora-chatgpt-arriva-pure-sul-nostro-smartphone/']
97,2023-05-19 12:58:03+00:00,1659543943657435137,"‚ÄúScusate, su ChatGpt ci siamo sbagliati‚Äù. La marcia indietro delle scuole di NY √® una lezione per tutti https://t.co/UBi7sNembb",repubblica,7,it,,2,,['https://www.italian.tech/2023/05/19/news/chatgpt_a_scuola-400828799/']
98,2023-05-19 12:55:49+00:00,1659543381054312454,@il_cappellini Una domanda del genere nell'era di CHATGPT e GOOGLE?ü§£,atsky2022,0,it,,0,"[User(username='il_cappellini', id=457500194, displayname='Stefano Cappellini', rawDescription=None, renderedDescription=None, descriptionLinks=None, verified=None, created=None, followersCount=None, friendsCount=None, statusesCount=None, favouritesCount=None, listedCount=None, mediaCount=None, location=None, protected=None, link=None, profileImageUrl=None, profileBannerUrl=None, label=None)]",[]
99,2023-05-19 12:53:39+00:00,1659542837124374529,"Il fellow del Centro Nexa @CBlengio tra gli ospiti del talk ""Nuovi modelli educativi tra ChatGPT e digitale"", üóìÔ∏èSabato 27 maggio, ore 16.00
üìçPiazza Santa Maria Maggiore, Trento
@FFdemarchi 
#FestivalEconomiaTrento #IlFuturoDelFuturo #CreareIlFuturo #FuoriFestival
üëáüëáüëá",nexacenter,1,it,,0,"[User(username='CBlengio', id=334789052, displayname='Carlo Blengino', rawDescription=None, renderedDescription=None, descriptionLinks=None, verified=None, created=None, followersCount=None, friendsCount=None, statusesCount=None, favouritesCount=None, listedCount=None, mediaCount=None, location=None, protected=None, link=None, profileImageUrl=None, profileBannerUrl=None, label=None), User(username='FFdemarchi', id=769105458833592320, displayname='Fondazione Demarchi', rawDescription=None, renderedDescription=None, descriptionLinks=None, verified=None, created=None, followersCount=None, friendsCount=None, statusesCount=None, favouritesCount=None, listedCount=None, mediaCount=None, location=None, protected=None, link=None, profileImageUrl=None, profileBannerUrl=None, label=None)]",[]
100,2023-05-19 12:36:04+00:00,1659538409998913536,Apple contro ChatGPT: divieto assoluto per i dipendenti https://t.co/Y3hrq5LV3S,melablog,2,it,,0,,['http://dlvr.it/SpHc1Z']
101,2023-05-19 12:30:58+00:00,1659537125182775296,"Al #FuoriFestival in Piazza S.M. Maggiore il 27 maggio ore 16-17.30 talk ‚ÄúNuovi modelli educativi tra #ChatGPT e #digitale‚Äù, con S. Tonelli, G. Scorza, C. Blengino, S. Moriggi, M. Kettmaier. 
Info programma üëâ üëâ https://t.co/wNcT3bkRDr @fedvvfvoltn @sole24ore @VisitTrentino https://t.co/rZ8q7M2iB6",FFdemarchi,7,it,,0,"[User(username='fedvvfvoltn', id=2885048904, displayname='Fed VVF Volontari TN', rawDescription=None, renderedDescription=None, descriptionLinks=None, verified=None, created=None, followersCount=None, friendsCount=None, statusesCount=None, favouritesCount=None, listedCount=None, mediaCount=None, location=None, protected=None, link=None, profileImageUrl=None, profileBannerUrl=None, label=None), User(username='sole24ore', id=420351046, displayname='IlSole24ORE', rawDescription=None, renderedDescription=None, descriptionLinks=None, verified=None, created=None, followersCount=None, friendsCount=None, statusesCount=None, favouritesCount=None, listedCount=None, mediaCount=None, location=None, protected=None, link=None, profileImageUrl=None, profileBannerUrl=None, label=None), User(username='VisitTrentino', id=124874351, displayname='Visit Trentino', rawDescription=None, renderedDescription=None, descriptionLinks=None, verified=None, created=None, followersCount=None, friendsCount=None, statusesCount=None, favouritesCount=None, listedCount=None, mediaCount=None, location=None, protected=None, link=None, profileImageUrl=None, profileBannerUrl=None, label=None)]",['https://bit.ly/44Ue2J5']
102,2023-05-19 12:28:21+00:00,1659536466937085952,"OpenAI ha annunciato oggi¬†il lancio¬†di un'app ChatGPT ufficiale per¬†iPhone¬†e¬†iPad¬†.¬†ChatGPT di OpenAI √® stato accessibile¬†sul Web¬†ed √® stato reso disponibile su iOS tramite pi√π app di terze parti, molte delle quali sono¬†leggermente migliori

https://t.co/HEaLyO9dF7 https://t.co/oOoUtMdo19",webtrek_it,0,it,,0,,['https://www.webtrek.it/2023/05/openai-lancia-lapp-chatgpt-ufficiale-iphone-ipad/']
103,2023-05-19 12:22:03+00:00,1659534882450862082,Apple impedisce ai dipendenti di utilizzare ChatGPT e altre applicazioni simili per timore di un'esposizione di dati riservati. https://t.co/wVara0b35l,ITCointelegraph,3,it,,0,,['https://it.cointelegraph.com/news/apple-bans-chat-gpt-employee-use']
104,2023-05-19 12:21:55+00:00,1659534848762028035,"ChatGPT Plus pu√≤ navigare sulla rete, e questo gli consente di fare un sacco di cose che prima erano impossibili. Cosa mai potr√† andare storto? üôÉ

https://t.co/46QTxt7NYe

#chatgpt #openai #ia #ai #internet #chatgptplus",androidworldit,1,it,,0,,['https://www.smartworld.it/news/chatgpt-connesso-internet.html']
105,2023-05-19 12:07:53+00:00,1659531316948336641,"üò§Stufi delle app fake mangiasoldi di #ChatGPT ?
üí°No panic: √® arrivata l'app ufficiale di @OpenAI!
üì±Al momento solo per #iPhone, √® sia in versione gratuita che a pagamento ($20/mese), con sincronizzazione tra dispositivi e lo speech-to-text Whisper
ü§ñChe ne dite, la proverete? https://t.co/yYQEoVwHuX",fps_agency,4,it,,1,"[User(username='OpenAI', id=4398626122, displayname='OpenAI', rawDescription=None, renderedDescription=None, descriptionLinks=None, verified=None, created=None, followersCount=None, friendsCount=None, statusesCount=None, favouritesCount=None, listedCount=None, mediaCount=None, location=None, protected=None, link=None, profileImageUrl=None, profileBannerUrl=None, label=None)]",[]
106,2023-05-19 11:58:29+00:00,1659528953097498624,OpenAI lanza #Chatgpt para #iOS https://t.co/7OVfJ5Ioni,JoseMBuitron,0,it,,1,,['https://lnkd.in/gnp7Ut7d']
107,2023-05-19 11:48:34+00:00,1659526456379056128,#ChatGPT nel #Travel: Come l'AI sta rivoluzionando il nostro settore https://t.co/WBBxmdTjZ1,antoniomaresca,1,it,,0,,['https://www.linkedin.com/pulse/chatgpt-nel-travel-come-lai-sta-rivoluzionando-il-nostro-puorto']
108,2023-05-19 11:44:37+00:00,1659525460823363586,"@nytimes #ChatGPT manger√† la mela, Siri fuggir√† con Alexia.",giuslillo,2,it,,0,"[User(username='nytimes', id=807095, displayname='The New York Times', rawDescription=None, renderedDescription=None, descriptionLinks=None, verified=None, created=None, followersCount=None, friendsCount=None, statusesCount=None, favouritesCount=None, listedCount=None, mediaCount=None, location=None, protected=None, link=None, profileImageUrl=None, profileBannerUrl=None, label=None)]",[]
109,2023-05-19 11:43:33+00:00,1659525192639447049,Riflettori sempre puntati su #alluvioneemiliaromagna domani a #Progress su @SkyTG24 con @ANBI_Nazionale e il prof Dino Zardi e su #AI #ChatGPT con @paolobenanti e @pensierosolido. Spazio anche ad #Hyperloop il treno supersonico a cui guarda il Veneto @marcogy @BibopGGresta,CossuHelga,22,it,,2,"[User(username='SkyTG24', id=5893702, displayname='Sky tg24', rawDescription=None, renderedDescription=None, descriptionLinks=None, verified=None, created=None, followersCount=None, friendsCount=None, statusesCount=None, favouritesCount=None, listedCount=None, mediaCount=None, location=None, protected=None, link=None, profileImageUrl=None, profileBannerUrl=None, label=None), User(username='ANBI_Nazionale', id=3213463427, displayname='ANBI', rawDescription=None, renderedDescription=None, descriptionLinks=None, verified=None, created=None, followersCount=None, friendsCount=None, statusesCount=None, favouritesCount=None, listedCount=None, mediaCount=None, location=None, protected=None, link=None, profileImageUrl=None, profileBannerUrl=None, label=None), User(username='paolobenanti', id=39049973, displayname='Paolo Benanti', rawDescription=None, renderedDescription=None, descriptionLinks=None, verified=None, created=None, followersCount=None, friendsCount=None, statusesCount=None, favouritesCount=None, listedCount=None, mediaCount=None, location=None, protected=None, link=None, profileImageUrl=None, profileBannerUrl=None, label=None), User(username='pensierosolido', id=83940879, displayname='Fondazione Pensiero Solido', rawDescription=None, renderedDescription=None, descriptionLinks=None, verified=None, created=None, followersCount=None, friendsCount=None, statusesCount=None, favouritesCount=None, listedCount=None, mediaCount=None, location=None, protected=None, link=None, profileImageUrl=None, profileBannerUrl=None, label=None), User(username='marcogy', id=70380540, displayname='Marco Gay', rawDescription=None, renderedDescription=None, descriptionLinks=None, verified=None, created=None, followersCount=None, friendsCount=None, statusesCount=None, favouritesCount=None, listedCount=None, mediaCount=None, location=None, protected=None, link=None, profileImageUrl=None, profileBannerUrl=None, label=None), User(username='BibopGGresta', id=12151932, displayname='Bibop Gresta', rawDescription=None, renderedDescription=None, descriptionLinks=None, verified=None, created=None, followersCount=None, friendsCount=None, statusesCount=None, favouritesCount=None, listedCount=None, mediaCount=None, location=None, protected=None, link=None, profileImageUrl=None, profileBannerUrl=None, label=None)]",[]
110,2023-05-19 11:18:21+00:00,1659518852273717248,E gli esperti di #cybersecurity di @SophosItalia spiegano quali sono e come difendersi dalle false #app #ChatGPT #IT,Sound_PR,2,it,,0,"[User(username='SophosItalia', id=563679771, displayname='Sophos Italia', rawDescription=None, renderedDescription=None, descriptionLinks=None, verified=None, created=None, followersCount=None, friendsCount=None, statusesCount=None, favouritesCount=None, listedCount=None, mediaCount=None, location=None, protected=None, link=None, profileImageUrl=None, profileBannerUrl=None, label=None)]",[]
111,2023-05-19 11:16:21+00:00,1659518349070462976,@OpenAI #ChatGPT nel #Travel: Come l' #AI sta rivoluzionando il nostro settore https://t.co/6yilMshUdG via @LinkedIn,puortosimone,0,it,,0,"[User(username='OpenAI', id=4398626122, displayname='OpenAI', rawDescription=None, renderedDescription=None, descriptionLinks=None, verified=None, created=None, followersCount=None, friendsCount=None, statusesCount=None, favouritesCount=None, listedCount=None, mediaCount=None, location=None, protected=None, link=None, profileImageUrl=None, profileBannerUrl=None, label=None), User(username='LinkedIn', id=13058772, displayname='LinkedIn', rawDescription=None, renderedDescription=None, descriptionLinks=None, verified=None, created=None, followersCount=None, friendsCount=None, statusesCount=None, favouritesCount=None, listedCount=None, mediaCount=None, location=None, protected=None, link=None, profileImageUrl=None, profileBannerUrl=None, label=None)]",['https://www.linkedin.com/pulse/chatgpt-nel-travel-come-lai-sta-rivoluzionando-il-nostro-puorto']
112,2023-05-19 11:15:04+00:00,1659518024469344265,ChatGPT riceve il suo pi√π grande aggiornamento di sempre e ora si collega a Internet https://t.co/0760UAWOro,N1K0L4_,1,it,,0,,['http://dlvr.it/SpHQ0c']
113,2023-05-19 11:15:02+00:00,1659518017380954116,"ChatGPT bandito dal luogo di lavoro: Apple dice s√¨, e ha un'ottima ragione https://t.co/KIVvUknXcF",N1K0L4_,2,it,,0,,['http://dlvr.it/SpHPz3']
114,2023-05-19 11:14:52+00:00,1659517977157332993,"compito di info spostato, interrogazione di ed civica fatta con chatgpt mai letta andata benissimo essy gode 
bggg",carcacii_,2,it,,0,,[]
115,2023-05-19 11:13:56+00:00,1659517741273849856,#ChatGPT ora √® disponibile come app su #iOS https://t.co/XNm7S7aKGB,pantareinews,0,it,,0,,['https://www.pantareinews.com/chatgpt-disponibile-come-app-su-ios/63885/']
116,2023-05-19 11:11:34+00:00,1659517145875619841,#ChatGPT ora √® disponibile come app su #iOS https://t.co/zJpprHSgDl,giannifioreGF,0,it,,0,,['https://www.pantareinews.com/chatgpt-disponibile-come-app-su-ios/63885/']
117,2023-05-19 10:49:52+00:00,1659511686213033984,Siete alle prese con ChatGPT ma non riuscite a ottenere i risultati sperati? Forse state sbagliando qualcosa. Ecco qui alcuni consigli. https://t.co/z9O8wzl9qu  #chatgpt #iA,andreateskio,0,it,,0,,['https://www.linkedin.com/pulse/10-errori-comuni-su-chatgpt-e-come-correggerli-andrea-paoli%3FtrackingId=O%252BLM9yV9SAKSDLUcQ2NuQQ%253D%253D/?trackingId=O%2BLM9yV9SAKSDLUcQ2NuQQ%3D%3D']
118,2023-05-19 10:38:16+00:00,1659508766046396417,@Internazionale Allora ho conosciuto un sacco di ChatGpt.,LaPinguagni,2,it,,0,"[User(username='Internazionale', id=15254807, displayname='Internazionale', rawDescription=None, renderedDescription=None, descriptionLinks=None, verified=None, created=None, followersCount=None, friendsCount=None, statusesCount=None, favouritesCount=None, listedCount=None, mediaCount=None, location=None, protected=None, link=None, profileImageUrl=None, profileBannerUrl=None, label=None)]",[]
119,2023-05-19 10:35:52+00:00,1659508162611884034,ChatGpt non capisce le cose che dice. L‚Äôeditoriale di Giovanni De Mauro. https://t.co/HRiQL6MPD9,Internazionale,9,it,,5,,['https://intern.az/1HfS']
120,2023-05-19 10:32:27+00:00,1659507301496045568,Apple avrebbe deciso di limitare l'uso di ChatGPT e altre app di IA ai dipendenti https://t.co/1UWWEQr4fe,HDblog,4,it,,0,,['https://ift.tt/a0BySJm']
121,2023-05-19 10:30:16+00:00,1659506752906227712,"La nuova funzionalit√† di Web Browsing di Chatgpt apre al mondo Web. Gli impatti positivi sono incredibili, ma le implicazioni privacy e rischi cyber sono preoccupanti. Raccolta email/phone, social engineering, identificare target vulnerabili, exploit mirati...tutto automatizzato. https://t.co/7isIMbMamv",piswascan,3,it,,0,,[]
122,2023-05-19 10:19:34+00:00,1659504061237055488,"ChatGPT, app mobile ufficiale di OpenAI disponibile per iOS https://t.co/DJ03lMGUBA https://t.co/uOSTwn9x1c",CentroGarozzo,0,it,,0,,['http://dlvr.it/SpHGsq']
123,2023-05-19 10:16:17+00:00,1659503234292015106,ChatGPT arriva su iPhone e iPad: l‚Äôannuncio di OpenAI https://t.co/Jn6CZa1QTT https://t.co/b6MzsFdeMs,OutOfBitit,0,it,,0,,['https://www.outofbit.it/chatgpt-arriva-su-iphone-e-ipad-lannuncio-di-openai/']
124,2023-05-19 10:12:43+00:00,1659502333871439872,"Caratteristiche, funzionamento e limiti di ChatGPT in informatica https://t.co/RLjvKfmXu2",VitoLavecchia,0,it,,0,,['https://vitolavecchia.altervista.org/caratteristiche-funzionamento-e-limiti-di-chatgpt-in-informatica/']
125,2023-05-19 10:12:03+00:00,1659502166594437121,Apple vieta l‚Äôutilizzo di ChatGPT ai suoi dipendenti per lavoro #apple https://t.co/5ibVh5jorf,TuttoTechNet,1,it,,0,,['http://dlvr.it/SpHFs0']
126,2023-05-19 10:09:53+00:00,1659501623326982144,"@Virna25marzo Abbiamo liste sopraffolate utenti  che Clikano ossessivamente e compulsivamente su piattaforme #social #media o  #ChatGPT Hai IDea di quante ore buttate ai #videogames 
Carpe Diem raccogli il fango Aiuta il tuo prossimo renditi utile pr Benessere collettivo https://t.co/aB0fnlRCmi",3omAleom,0,it,,0,"[User(username='Virna25marzo', id=1095412353427013633, displayname='Virna', rawDescription=None, renderedDescription=None, descriptionLinks=None, verified=None, created=None, followersCount=None, friendsCount=None, statusesCount=None, favouritesCount=None, listedCount=None, mediaCount=None, location=None, protected=None, link=None, profileImageUrl=None, profileBannerUrl=None, label=None)]",[]
127,2023-05-19 10:06:30+00:00,1659500772634025988,Debutta l'applicazione mobile ufficiale di #OpenAI per accedere al suo servizio di IA generativa #ChatGPT.  Inizialmente disponibile solo per dispositivi #iOS di #Apple ma √® in arrivo anche la versione per #Android. https://t.co/QNvKLMciXL,pianetacellular,0,it,,0,,['https://www.pianetacellulare.it/Articoli/Applicazioni/54785_ChatGPT-app-mobile-ufficiale-di-OpenAI-disponibile.php']
128,2023-05-19 10:04:53+00:00,1659500363370643457,"#OpenAI ha annunciato l‚Äôarrivo dell‚Äôapplicazione ufficiale di #ChatGPT
https://t.co/w0muq8ipZ5",FinanciaLounge,0,it,,0,,['https://www.financialounge.com/news/2023/05/19/openai-lancia-lapp-gratuita-di-chatgpt-per-iphone/?utm_source=fb&utm_medium=post&utm_campaign=facebook_post']
129,2023-05-19 09:59:32+00:00,1659499019289206785,"@spighissimo √à proprio ChatGPT che te lo ha detto. Il punto √® che, fortunatamente per lui, non sa che in Italia abbiamo una nutrita fronda di tizi che ritiene che lo sforzo della pace debba avvenire dell'Ucraina o dai paesi terzi, ma non della russia.",Christi57479482,1,it,,0,"[User(username='spighissimo', id=1181858258182688768, displayname='Spighissimo', rawDescription=None, renderedDescription=None, descriptionLinks=None, verified=None, created=None, followersCount=None, friendsCount=None, statusesCount=None, favouritesCount=None, listedCount=None, mediaCount=None, location=None, protected=None, link=None, profileImageUrl=None, profileBannerUrl=None, label=None)]",[]
130,2023-05-19 09:59:32+00:00,1659499019289108480,#ChatGPT arriva su #Apple https://t.co/AKWwx1RAEi,paoloigna1,0,it,,0,,['https://www.smh.com.au/technology/ask-me-anything-chatbots-are-coming-to-your-phone-20230519-p5d9qm.html']
131,2023-05-19 09:55:13+00:00,1659497931714510851,"Apple limita l'uso interno di ChatGPT per la sicurezza
#Apple #ChatBot #ChatGPT #Dati #Dipendenti #IA #IAGenerativa #Notizia #Notizie #Privacy #Sicurezza #Sicurezzadeidati #Tech #TechNews #Technology #Tecnologia

https://t.co/sqqLsuufkg https://t.co/a04ivkSaoM",CeotechI,3,it,,0,,['https://www.ceotech.it/apple-limita-luso-interno-di-chatgpt-per-la-sicurezza/']
132,2023-05-19 09:50:31+00:00,1659496747876376577,@creamcolorpony Prima di chatgpt c'erano gli indiani che ci spiegavano la vita,cassandro91,3,it,,1,"[User(username='creamcolorpony', id=2747326810, displayname='…¢ Ä·¥Ä…¥·¥Ö·¥á ·¥Ñ·¥è·¥ç·¥á ·¥ú…¥·¥Ä ·¥Ñ…™·¥è·¥õ·¥è ü·¥Ä ü•£', rawDescription=None, renderedDescription=None, descriptionLinks=None, verified=None, created=None, followersCount=None, friendsCount=None, statusesCount=None, favouritesCount=None, listedCount=None, mediaCount=None, location=None, protected=None, link=None, profileImageUrl=None, profileBannerUrl=None, label=None)]",[]
133,2023-05-19 09:46:51+00:00,1659495824034787328,ChatGpt adesso ha un‚Äôapp iPhone e le domande si fanno a voce (attenti alle app fake che rubano soldi) https://t.co/Ovin1FNiyi,Corriere,5,it,,3,,['https://trib.al/GrjNU6s']
134,2023-05-19 09:38:17+00:00,1659493669303459844,"@gas_lerner @KaiserHHHoppe Infatti, √® anche peggio, ChatGPT sostituisce gran parte dei lavori ""di sportello""

Inoltre, non c'√® una azienda italiana in competizione

insomma, propaganda pura",BastaTasseD,2,it,,0,"[User(username='gas_lerner', id=2462589595, displayname='Avv Gastone Lerner', rawDescription=None, renderedDescription=None, descriptionLinks=None, verified=None, created=None, followersCount=None, friendsCount=None, statusesCount=None, favouritesCount=None, listedCount=None, mediaCount=None, location=None, protected=None, link=None, profileImageUrl=None, profileBannerUrl=None, label=None), User(username='KaiserHHHoppe', id=1575498650855165953, displayname='Kaiser Hoppe', rawDescription=None, renderedDescription=None, descriptionLinks=None, verified=None, created=None, followersCount=None, friendsCount=None, statusesCount=None, favouritesCount=None, listedCount=None, mediaCount=None, location=None, protected=None, link=None, profileImageUrl=None, profileBannerUrl=None, label=None)]",[]
135,2023-05-19 09:34:10+00:00,1659492634979897344,Chat GPT sfida Google con la nuova app per smartphone https://t.co/PBgbUfsRsb,news_mondo_h24,0,it,,0,,['https://newsmondo.it/chat-gpt-sfida-google-con-la-nuova-app-per-smartphone/attualita/?utm_source=dlvr.it&utm_medium=twitter']
136,2023-05-19 09:28:51+00:00,1659491295780302851,LA SILICON VALLEY DELLO STRETTO INTERROGA CHATGPT SUL PONTE ‚Äì Trovate 7 criticit√† https://t.co/cK923Eqn4y,Scomunicando,0,it,,0,,['https://www.scomunicando.it/notizie/la-silicon-valley-dello-stretto-interroga-chatgpt-sul-ponte-trovate-7-criticita/']
137,2023-05-19 09:25:27+00:00,1659490440721072129,"@Christi57479482 Spiegalo a ChatGPT, che vuoi da me?",spighissimo,0,it,,1,"[User(username='Christi57479482', id=1058839249242505217, displayname='Christian', rawDescription=None, renderedDescription=None, descriptionLinks=None, verified=None, created=None, followersCount=None, friendsCount=None, statusesCount=None, favouritesCount=None, listedCount=None, mediaCount=None, location=None, protected=None, link=None, profileImageUrl=None, profileBannerUrl=None, label=None)]",[]
138,2023-05-19 09:17:04+00:00,1659488332441698306,"L‚Äôapp potrebbe avere un impatto anche su Apple e Google. #ChatGPT infatti √® una valida alternativa all‚Äôassistente vocale Siri, e potrebbe spodestare il motore di ricerca predefinito di Safari https://t.co/fW5z00dQtF",fanpage,10,it,,0,,['https://fanpa.ge/zt3Up']
139,2023-05-19 09:15:02+00:00,1659487820002521088,Apple vieta l‚Äôuso di ChatGPT per le conversazioni interne - https://t.co/8YDAEjiwcf,InvestingItalia,0,it,,0,,['https://invst.ly/104cb2']
140,2023-05-19 09:11:17+00:00,1659486874145021955,"Glenn Beck: Il terrificante futuro dell'intelligenza artificiale √® qui. Il vaso di Pandora si √® aperto con ChatGPT di OpenAI. La fine dell‚Äôumanit√†?
https://t.co/YVL9A1mGSJ",natalinogori51,3,it,,0,,['https://www.civico20news.it/sito/articolo.php?id=47921']
141,2023-05-19 09:01:44+00:00,1659484473484779523,"Intelligenza artificiale e ChatGPT, istruzioni per l‚Äôuso. I recenti provvedimenti del Garante Privacy e come fare per chiedere la cancellazione dei propri dati dai database del sistema @GPDP_IT @ReteUrp @CorecomToscana https://t.co/ekn8dAwmKO",consumatorirt,1,it,,0,"[User(username='GPDP_IT', id=1375575154160508930, displayname='Garante Privacy', rawDescription=None, renderedDescription=None, descriptionLinks=None, verified=None, created=None, followersCount=None, friendsCount=None, statusesCount=None, favouritesCount=None, listedCount=None, mediaCount=None, location=None, protected=None, link=None, profileImageUrl=None, profileBannerUrl=None, label=None), User(username='ReteUrp', id=2742082724, displayname='Rete Toscana', rawDescription=None, renderedDescription=None, descriptionLinks=None, verified=None, created=None, followersCount=None, friendsCount=None, statusesCount=None, favouritesCount=None, listedCount=None, mediaCount=None, location=None, protected=None, link=None, profileImageUrl=None, profileBannerUrl=None, label=None), User(username='CorecomToscana', id=3235613153, displayname='Corecom Toscana', rawDescription=None, renderedDescription=None, descriptionLinks=None, verified=None, created=None, followersCount=None, friendsCount=None, statusesCount=None, favouritesCount=None, listedCount=None, mediaCount=None, location=None, protected=None, link=None, profileImageUrl=None, profileBannerUrl=None, label=None)]",['https://infoconsumotoscana.it/?p=702']
142,2023-05-19 09:01:03+00:00,1659484301891698688,"Oltre ChatGPT c‚Äô√® un mondo.

Sono tantissime¬†le nuove applicazioni dell‚ÄôAI che, ogni giorno, possono aiutarci a¬†incrementare esponenzialmente le performance¬†del marketing.

üîé Ne abbiamo parlato qui: https://t.co/NIeinFRzZf

#MarketingForum
#AI",performancestra,0,it,,0,,['https://bit.ly/43sMyZR']
143,2023-05-19 08:58:43+00:00,1659483711912435714,"E se lo dice l'azienda di #ChatGPT...

https://t.co/1AqanGQcRV",giornalettismo,0,it,,0,,['https://www.giornalettismo.com/sceneggiatori-e-intelligenza-artificiale-studio-openai/']
144,2023-05-19 08:45:08+00:00,1659480294179872770,"@emperorkeybou @Moetoriche @ventikg Per√≤ in realt√† chatgpt √® pi√π umile: basta scrivere ""sicuro?"" E subito si corregge anche quando dice qualcosa di giusto. Un techbro non lo farebbe mai.",YuriMaker,2,it,,1,"[User(username='emperorkeybou', id=615959180, displayname='Crescendo üéπüè≥Ô∏è\u200düåà @ play Toumayhem', rawDescription=None, renderedDescription=None, descriptionLinks=None, verified=None, created=None, followersCount=None, friendsCount=None, statusesCount=None, favouritesCount=None, listedCount=None, mediaCount=None, location=None, protected=None, link=None, profileImageUrl=None, profileBannerUrl=None, label=None), User(username='Moetoriche', id=85403119, displayname='zuppa al cianuro core', rawDescription=None, renderedDescription=None, descriptionLinks=None, verified=None, created=None, followersCount=None, friendsCount=None, statusesCount=None, favouritesCount=None, listedCount=None, mediaCount=None, location=None, protected=None, link=None, profileImageUrl=None, profileBannerUrl=None, label=None), User(username='ventikg', id=1471736245839618053, displayname='nat', rawDescription=None, renderedDescription=None, descriptionLinks=None, verified=None, created=None, followersCount=None, friendsCount=None, statusesCount=None, favouritesCount=None, listedCount=None, mediaCount=None, location=None, protected=None, link=None, profileImageUrl=None, profileBannerUrl=None, label=None)]",[]
145,2023-05-19 08:45:03+00:00,1659480272969113602,"che poi chatgpt l'hanno riaperto, non capisco perch√® questo sito √® ancora sospeso vabb√®",turnand92,1,it,,0,,[]
146,2023-05-19 08:44:35+00:00,1659480154438094849,#OpenAI ha rilasciato l'#app ufficiale di #ChatGPT per #iOS (solo negli Stati Uniti) con sincronizzazione delle conversazioni e riconoscimento vocale https://t.co/5ytrtffE33,DarioMassi,1,it,,0,,['https://www.punto-informatico.it/openai-annuncia-chatgpt-ios/']
147,2023-05-19 08:44:02+00:00,1659480015854002176,"#ChatGPT, alla richiesta di cosa pensi in maniera ironica sulla partecipazione di Meloni al #G7Summit , ha detto questo. Simpaticissimo ChatGPT. E soprattutto, originalissimo. #19maggio https://t.co/eGludKsBnI",RassegnataS,0,it,,0,,[]
148,2023-05-19 08:43:58+00:00,1659480001836613632,"ChatGPT arriva su iPhone, ma attenzione alle app false https://t.co/JBmngSzBHC",David_c05,0,it,,0,,['https://ift.tt/AcIFnwE']
149,2023-05-19 08:43:47+00:00,1659479952759177218,"@Marekjack171 ChatGPT non √® aggiornato, su questo devono ancora fare old school.",simoneresiste,1,it,,1,"[User(username='Marekjack171', id=983033579952332801, displayname='Gi√†üë§', rawDescription=None, renderedDescription=None, descriptionLinks=None, verified=None, created=None, followersCount=None, friendsCount=None, statusesCount=None, favouritesCount=None, listedCount=None, mediaCount=None, location=None, protected=None, link=None, profileImageUrl=None, profileBannerUrl=None, label=None)]",[]
150,2023-05-19 08:42:36+00:00,1659479655898906624,"@simoneresiste Oggi chiedono a ChatGPT, il copia incolla ormai √® il passato.",Marekjack171,0,it,,1,"[User(username='simoneresiste', id=1501226372101980165, displayname=""Simone, d'Italia campione üèÜüáÆüáπ"", rawDescription=None, renderedDescription=None, descriptionLinks=None, verified=None, created=None, followersCount=None, friendsCount=None, statusesCount=None, favouritesCount=None, listedCount=None, mediaCount=None, location=None, protected=None, link=None, profileImageUrl=None, profileBannerUrl=None, label=None)]",[]
151,2023-05-19 08:39:02+00:00,1659478760696197121,"Attenti alle finte app ChatGPT, l‚Äôoriginale arriver√† presto anche su Android #News  https://t.co/ph7AblJfFJ",TuttoAndroid,2,it,,0,,['http://dlvr.it/SpH2BC']
152,2023-05-19 08:31:02+00:00,1659476745412653059,ChatGPT sbarca anche su smartphone e lancia la sfida a Google: ¬´Con noi informazioni precise senza annunci o risultati multipli¬ª - Open https://t.co/zCp2fi6Hx5 via @GoogleNews,lilly69y,0,it,,0,"[User(username='googlenews', id=33584794, displayname='Google News', rawDescription=None, renderedDescription=None, descriptionLinks=None, verified=None, created=None, followersCount=None, friendsCount=None, statusesCount=None, favouritesCount=None, listedCount=None, mediaCount=None, location=None, protected=None, link=None, profileImageUrl=None, profileBannerUrl=None, label=None)]",['https://www.open.online/2023/05/18/chatgpt-sbarca-smartphone-sfida-google/']
153,2023-05-19 08:29:44+00:00,1659476418256879619,#Apple vieta ai suoi dipendenti di utilizzare #ChatGPT. In effetti hanno Siri che funziona mille volte meglio.,Nickyrie,4,it,,3,,[]
154,2023-05-19 08:29:14+00:00,1659476291782049795,OpenAI lancia l‚Äôapp di ChatGPT su iPhone. Disponibile anche la funzione per input vocali https://t.co/VaZlTmq6uc https://t.co/OzH1yYDRC6,FABsussidiario,0,it,,0,,['http://dlvr.it/SpH0zH']
155,2023-05-19 08:25:54+00:00,1659475452908519426,@MaxGramel @Corriere Tutta la  mia stima per ChatGPT! üòÑ,donatamagrassi1,0,it,,0,"[User(username='MaxGramel', id=2160446971, displayname='Massimo Gramellini', rawDescription=None, renderedDescription=None, descriptionLinks=None, verified=None, created=None, followersCount=None, friendsCount=None, statusesCount=None, favouritesCount=None, listedCount=None, mediaCount=None, location=None, protected=None, link=None, profileImageUrl=None, profileBannerUrl=None, label=None), User(username='Corriere', id=395218906, displayname='Corriere della Sera', rawDescription=None, renderedDescription=None, descriptionLinks=None, verified=None, created=None, followersCount=None, friendsCount=None, statusesCount=None, favouritesCount=None, listedCount=None, mediaCount=None, location=None, protected=None, link=None, profileImageUrl=None, profileBannerUrl=None, label=None)]",[]
156,2023-05-19 08:21:49+00:00,1659474428110012416,"@LudovicoZanette @ItalianPolitics L'analisi di ci√≤ che ha scritto mi porterebbe via molto tempo, anche se sarebbe utile per chi la legge. Peccato, con Chat Gpt le avevo offerto una ciambella di salvezza, ma lei insiste e dunque capisco che non pu√≤ fare diversamente. üëã",DrVitaSegreto,0,it,,0,"[User(username='LudovicoZanette', id=1176379368, displayname='Ludovico Zanette', rawDescription=None, renderedDescription=None, descriptionLinks=None, verified=None, created=None, followersCount=None, friendsCount=None, statusesCount=None, favouritesCount=None, listedCount=None, mediaCount=None, location=None, protected=None, link=None, profileImageUrl=None, profileBannerUrl=None, label=None), User(username='ItalianPolitics', id=33994488, displayname='Italian Politics', rawDescription=None, renderedDescription=None, descriptionLinks=None, verified=None, created=None, followersCount=None, friendsCount=None, statusesCount=None, favouritesCount=None, listedCount=None, mediaCount=None, location=None, protected=None, link=None, profileImageUrl=None, profileBannerUrl=None, label=None)]",[]
157,2023-05-19 08:19:37+00:00,1659473874717646848,Ecco a cosa fare attenzione prima di scaricare l'app #ChatGPT https://t.co/qRp6HIsKE7,CorriereLOGIN,0,it,,0,,['https://www.corriere.it/tecnologia/23_maggio_19/chatgpt-app-iphone-disponibile-c96d90f5-489d-43ba-83bc-ce503138axlk.shtml']
158,2023-05-19 08:16:01+00:00,1659472967355514880,"Il #WSJ riporta che giustamente Apple nega l‚Äôuso di #ChatGPT ai suoi dipendenti. La societ√† teme che l‚Äôintelligenza artificiale generativa sia addestrata con informazioni riservate aziendali. 

üîó https://t.co/AkoF8bweNd https://t.co/SAFrxStlYX",melanews,1,it,,0,,['https://kiro.it/YCtUE']
159,2023-05-19 08:14:29+00:00,1659472581320224769,Si chiamano #Fleeceware e sono app che si fingono #chatbot legittimi basati su #ChatGPT per incassare migliaia di dollari ogni mese facendo pagare somme elevate agli utenti. https://t.co/EXWHFfjy0s,SophosItalia,1,it,,0,,['https://news.sophos.com/?p=91810']
160,2023-05-19 08:10:03+00:00,1659471465803141121,"ChatGPT sbarca su iOS, ma non in Italia: rivoluzioner√† il modo di comunicare con la tua App di Redazione
#Tech #App #chatgpt #comunicazione #feedback degli utenti #Intelligenza Artificiale #iOS #openai #privacy #sicurezza
 https://t.co/dm6krkIoN8",matricedigitale,0,it,,0,,['https://www.matricedigitale.it/tech/chatgpt-sbarca-su-ios-ma-non-in-italia-rivoluzionera-il-modo-di-comunicare-con-la-tua-app/']
161,2023-05-19 08:08:57+00:00,1659471188416950280,ChatGPT per la prima volta disponibile come app: cosa cambia rispetto alla versione Web  https://t.co/2eK7i4gFTg,ITmanagerSlife,0,it,,0,,['https://www.ilsoftware.it/articoli.asp?tag=ChatGPT-per-la-prima-volta-disponibile-come-app-cosa-cambia-rispetto-alla-versione-Web_26056']
162,2023-05-19 08:07:21+00:00,1659470786778767363,"Secondo i documenti interni e alcune fonti anonime, Apple vieta l'uso interno di ChatGPT per paura di perdite https://t.co/nI90DIr2MF",diliberto_luca,2,it,,0,,[]
163,2023-05-19 08:03:28+00:00,1659469808700669953,"ChatGPT, arriva la app gratis su iPhone dell'intelligenza artificiale di OpenAI https://t.co/7Kxp0Uoz3V",iPhoneBlog_it,0,it,,0,,['http://iphoneblogit.altervista.org/chatgpt-arriva-la-app-gratis-su-iphone-dellintelligenza-artificiale-di-openai/']
164,2023-05-19 07:53:53+00:00,1659467395583422464,#OpenAI  ha rilasciato l‚Äôapp ufficiale di #ChatGPT per IOS https://t.co/OzJQxWpphc,stefano__inga,3,it,,0,,[]
165,2023-05-19 07:52:53+00:00,1659467145913270272,ChatGPT per la prima volta disponibile come app: cosa cambia rispetto alla versione Web  https://t.co/whOW2KmPjw,ilsoftware,0,it,,0,,['https://ift.tt/4bWEVUF']
166,2023-05-19 07:47:08+00:00,1659465696961544192,"#OPENAI ha introdotto un'app #ChatGPT per dispositivi iOS. L'app √® gratuita e sincronizza la cronologia delle chat su diversi dispositivi, offrendo praticit√† e accessibilit√†. 
A breve dovrebbe arrivare anche su android.

https://t.co/wgN26ptIKq",Backtothecrypto,0,it,,2,,['https://mpost.io/it/openai-lancia-l%27app-mobile-chatgpt-per-ios/']
167,2023-05-19 07:47:04+00:00,1659465683338420224,"Quindi, per scrivere Romanzi Chatgpt non √® adatto, piuttosto una base da rielaborare a mano ma scrivere interi romanzi no.",ImperialPair,0,it,,0,,[]
168,2023-05-19 07:47:04+00:00,1659465681459355648,"C'√® chi usa chatgpt per scrivere libri e io sono abbastanza perplessa, ho usato diverse volte quest'ai per scrivere brevi testi e lo stile di scrittura era troppo semplicistico e parecchie volte si rifiutava di scrivere quello che gli indicava. https://t.co/eSQ5XTQS1K",ImperialPair,1,it,,1,,[]
169,2023-05-19 07:44:46+00:00,1659465102704115712,"#OpenAI ha reso disponibile una versione di #ChatGPT per #iPhone. 
In futuro il servizio dovrebbe arrivare anche per #Android.
 https://t.co/pemM5Pz9IC",gioprattichizzo,1,it,,0,,['https://www.bloomberg.com/news/articles/2023-05-18/openai-brings-chatgpt-app-to-iphone-android-launch-coming-later']
170,2023-05-19 07:42:37+00:00,1659464563169845250,@Cr1st14nM3s14n0 @corrini @Edoenonsolo Chat GPT √® pi√π sveglia di WOPRüò© https://t.co/w63Dt4JRgy,checovenier,2,it,,1,"[User(username='Cr1st14nM3s14n0', id=765619556, displayname='cristian mesiano (Christoph)', rawDescription=None, renderedDescription=None, descriptionLinks=None, verified=None, created=None, followersCount=None, friendsCount=None, statusesCount=None, favouritesCount=None, listedCount=None, mediaCount=None, location=None, protected=None, link=None, profileImageUrl=None, profileBannerUrl=None, label=None), User(username='corrini', id=47925074, displayname='Corrini \uea00', rawDescription=None, renderedDescription=None, descriptionLinks=None, verified=None, created=None, followersCount=None, friendsCount=None, statusesCount=None, favouritesCount=None, listedCount=None, mediaCount=None, location=None, protected=None, link=None, profileImageUrl=None, profileBannerUrl=None, label=None), User(username='Edoenonsolo', id=326854012, displayname='Edo üáÆüáπüá™üá∫üá∫üá¶', rawDescription=None, renderedDescription=None, descriptionLinks=None, verified=None, created=None, followersCount=None, friendsCount=None, statusesCount=None, favouritesCount=None, listedCount=None, mediaCount=None, location=None, protected=None, link=None, profileImageUrl=None, profileBannerUrl=None, label=None)]",[]
171,2023-05-19 07:38:12+00:00,1659463449859047424,"@Moetoriche @ventikg A dir la verit√† deepl √® comunque meglio di chatgpt nel tradurre, non sanno proprio di cosa cazzo stanno parlando",YuriMaker,0,it,,1,"[User(username='Moetoriche', id=85403119, displayname='zuppa al cianuro core', rawDescription=None, renderedDescription=None, descriptionLinks=None, verified=None, created=None, followersCount=None, friendsCount=None, statusesCount=None, favouritesCount=None, listedCount=None, mediaCount=None, location=None, protected=None, link=None, profileImageUrl=None, profileBannerUrl=None, label=None), User(username='ventikg', id=1471736245839618053, displayname='nat', rawDescription=None, renderedDescription=None, descriptionLinks=None, verified=None, created=None, followersCount=None, friendsCount=None, statusesCount=None, favouritesCount=None, listedCount=None, mediaCount=None, location=None, protected=None, link=None, profileImageUrl=None, profileBannerUrl=None, label=None)]",[]
172,2023-05-19 07:36:40+00:00,1659463065589481474,"E' on-line Il 6¬∞ numero di ""Verba Volant""
la newsletter di #IPnext che parla di
Cloud &amp; Cyber Security News

#Talent Shortage
#PA Digitale
#PMI
#ENISA
#CyberHealthWeek
#DataBreach
#Ransomware
#CyberSecurity
#Veeam Software
#FibraOttica
#ChatGPT
#Europol

https://t.co/9AiemthaD4",ipnextstaff,0,it,,0,,['https://www.linkedin.com/pulse/verba-volant-6-ipnext']
173,2023-05-19 07:36:15+00:00,1659462961029677056,"App ChatGPT su iPhone ufficiale, occhio ai fake https://t.co/kjhe0RVgkV",robytenk,0,it,,0,,['https://ift.tt/NbzAqvh']
174,2023-05-19 07:33:21+00:00,1659462231577317377,"@stanzaselvaggia Almeno si diverte, tanto, qualunque cosa chiunque scriva su qualunque testata si perde nella totale irrilevanza.. Niente paura, tra un po' ci penser√† Bard o Chatgpt a scrivere gli articoli per tutti i gusti!",MacchiaMimmo,0,it,,0,"[User(username='stanzaselvaggia', id=416476798, displayname='Selvaggia Lucarelli', rawDescription=None, renderedDescription=None, descriptionLinks=None, verified=None, created=None, followersCount=None, friendsCount=None, statusesCount=None, favouritesCount=None, listedCount=None, mediaCount=None, location=None, protected=None, link=None, profileImageUrl=None, profileBannerUrl=None, label=None)]",[]
175,2023-05-19 07:33:18+00:00,1659462215051747333,"OpenAI lancia l'app ufficiale di ChatGPT, per ora in USA e solo per iPhone https://t.co/73MSKIQWgR",HDblog,4,it,,0,,['https://ift.tt/kqdsvhw']
176,2023-05-19 07:23:44+00:00,1659459808137715713,#Apple vieta ai dipendenti l'utilizzo di #ChatGPT ed altre IA simili sul posto di lavoro https://t.co/QSKTD0z1J1 via @everyeye,C0d3r_,0,it,,0,"[User(username='Everyeye', id=18191405, displayname='Everyeye.it', rawDescription=None, renderedDescription=None, descriptionLinks=None, verified=None, created=None, followersCount=None, friendsCount=None, statusesCount=None, favouritesCount=None, listedCount=None, mediaCount=None, location=None, protected=None, link=None, profileImageUrl=None, profileBannerUrl=None, label=None)]",['https://tech.everyeye.it/notizie/apple-vieta-dipendenti-utilizzo-chatgpt-ia-simili-lavoro-650543.html']
177,2023-05-19 07:15:53+00:00,1659457832633155585,"""Apple ha vietato ai dipendenti l‚Äôuso di ChatGPT"" di Mauro Notarianni - https://t.co/VA2B7Ij2As https://t.co/pBbwnk4vFR",Amorne_1979,0,it,,0,,['https://ift.tt/kASYsiZ']
178,2023-05-19 07:10:31+00:00,1659456482503544832,"OpenAi lancia l'app di ChatGpt per iPhone: 'Presto anche per dispositivi Android'
https://t.co/dfhduk2Zuu",StudioIT_DG,0,it,,0,,['https://www.repubblica.it/tecnologia/2023/05/18/news/chatgpt_openai_app_ios_android-400703357/?rss']
179,2023-05-19 07:07:32+00:00,1659455734487175171,ChatGPT a scuola pu√≤ fare bene: ecco come*Lavoro 2027: preparare i dipendenti alla disruption  https://t.co/Li5HN5KN7o - https://t.co/MEHSUdx3NF - newsletter  Agenda Digitale,NewsletterLeggo,0,it,,0,,"['http://Agendadigitale.eu', 'https://www.leggonewsletter.it/2023/05/19/chatgpt-a-scuola-puo-fare-bene-ecco-comelavoro-2027-preparare-i-dipendenti-alla-disruption/']"
180,2023-05-19 06:50:01+00:00,1659451325623549952,@A_AdeptoTerra esperimento con il browser internet di chatGpt. come ti sembra l'aggregato delle risposte? https://t.co/bWw9x5fR34,andreapede,3,it,,1,"[User(username='A_AdeptoTerra', id=1008786488232988672, displayname='Alessandro Moretti', rawDescription=None, renderedDescription=None, descriptionLinks=None, verified=None, created=None, followersCount=None, friendsCount=None, statusesCount=None, favouritesCount=None, listedCount=None, mediaCount=None, location=None, protected=None, link=None, profileImageUrl=None, profileBannerUrl=None, label=None)]",[]
181,2023-05-19 06:48:01+00:00,1659450819110895616,"#OPENAI ha lanciato la sua app ufficiale per #ChatGPT per #ios. Al momento funziona solo negli USA, ma la societ√† dichiara che sar√† disponibile in altri paesi nelle prossime settimane. 

üîó https://t.co/1oqaQt1c7h https://t.co/NYxJGQmsQb",melanews,0,it,,0,,['https://kiro.it/9zGMK']
182,2023-05-19 06:37:45+00:00,1659448236766052352,"L‚Äôinfluencer americana Caryn Marjorie ha realizzato, tramite chatGPT, un bot che finge di essere lei. Per 1$ al minuto puoi avere una fidanzata virtuale che risponde alle tue domande, anche quelle hot.
L‚ÄôIA non distingue pedopornografia da romanticismo.
https://t.co/fPzeOPtQzw",IlNazionale,3,it,,3,,['https://www.macitynet.it/fidanzata-virtuale-ai/']
183,2023-05-19 06:33:03+00:00,1659447054500806657,"ChatGPT diventa app: disponibile su iOS e (presto) Android
Il roll out negli Stati Uniti. L‚Äôutilizzo per il momento resta gratuito e privo di pubblicit√† https://t.co/R1gRBbLnm1",FGuardiella,0,it,,0,,['https://www.ilsole24ore.com/art/chatgpt-diventa-app-disponibile-ios-e-presto-android-AEGo9SVD']
184,2023-05-19 06:31:09+00:00,1659446576224378880,"üî∏ #ChatGPT diventa #app: disponibile su #iOS e (presto) #Android. Il roll out negli Stati Uniti. L‚Äôutilizzo per il momento resta gratuito e privo di pubblicit√†.
https://t.co/D51fW5e7Bg",sole24ore,11,it,,0,,['https://www.ilsole24ore.com/art/chatgpt-diventa-app-disponibile-ios-e-presto-android-AEGo9SVD']
185,2023-05-19 06:23:05+00:00,1659444544948060160,Apple vieta l‚Äôutilizzo di ChatGPT ai suoi dipendenti https://t.co/2fLXUgICbt,iPhone_Italia,5,it,,1,,['https://www.iphoneitalia.com/809254/apple-vieta-chatgpt']
186,2023-05-19 06:21:28+00:00,1659444137970548737,"Chatgpt ha ancora tanta strada da fare. Gli ho dato in pasto un compito di scuola di mia figlia. Ha cannato in pieno. Meno male che ho controllato con altre fonti.
(P.s. L'articolo 9 recita altro) https://t.co/TKRfDYXkPx",Bravibimbi,2,it,,0,,[]
187,2023-05-19 06:20:03+00:00,1659443780989202432,"üí° Cosa dice esattamente il paper di #Microsoft? 
üßê Andiamo sempre a verificare alla fonte, non fermiamoci ai titoli. √à un argomento troppo importante. 

#AI #ChatGPT #GPT4 #LLM #innovazione #futuro

üëáüëáüëá

https://t.co/97IotjFJ38",alepom,3,it,,1,,['https://www.linkedin.com/posts/alessiopomaro_microsoft-gpt4-palm-activity-7065206311377936385-kOLF']
188,2023-05-19 06:18:50+00:00,1659443475648065542,"#IntelligenzaArtificiale #chatGPT

Il cervello umano e la coscienza non sono computer

articolo da ‚Å¶@ilfoglio_it‚Å© di oggi https://t.co/XlmISWPUxr",luigiElquantum,0,it,,0,"[User(username='ilfoglio_it', id=49954018, displayname='Il Foglio', rawDescription=None, renderedDescription=None, descriptionLinks=None, verified=None, created=None, followersCount=None, friendsCount=None, statusesCount=None, favouritesCount=None, listedCount=None, mediaCount=None, location=None, protected=None, link=None, profileImageUrl=None, profileBannerUrl=None, label=None)]",[]
189,2023-05-19 06:06:53+00:00,1659440468386619392,"Gente che sa cosa √® la A.I. a sinistra.
Gente che si ferma a ChatGPT a destra.
In ogni caso--&gt;üòÇüòÇüòÇ",_ZeroFollower,1,it,,0,,[]
190,2023-05-19 06:00:12+00:00,1659438789243154434,"Costruisci il tuo chatbot personalizzato con ChatGPT e i tuoi dati, migliora l'esperienza del cliente e rendi la tua attivit√† pi√π competitiva! #Botsonic #ChatGPT @sonic #chatbotpersonalizzato
https://t.co/2SyAFUXFBs",AIopenmind,0,it,,0,"[User(username='sonic', id=12634602, displayname='Sonic Internet', rawDescription=None, renderedDescription=None, descriptionLinks=None, verified=None, created=None, followersCount=None, friendsCount=None, statusesCount=None, favouritesCount=None, listedCount=None, mediaCount=None, location=None, protected=None, link=None, profileImageUrl=None, profileBannerUrl=None, label=None)]",['https://www.aiopenmind.it/ArtificialIntelligence/botsonic-costruisci-il-tuo-chatbot-personalizzato-con-chatgpt-e-i-tuoi-dati/']
191,2023-05-19 05:57:51+00:00,1659438196537581570,"La tua organizzazione vieta ChatGPT?
Hai una policy dipendenti #ChatGPT ? 
Se hai una #policy ChatGPT questa viene  rispettata ?
#Apple vieta ai suoi dipendenti di utilizzare #ChatGPT e altre piattaforme di intelligenza artificiale generativa per il lavor‚Ä¶https://t.co/c3W9ast80C",nicolarsr,0,it,,0,,['https://lnkd.in/deUc9i-v']
192,2023-05-19 05:54:03+00:00,1659437239741435906,@spighissimo La chat GPT √® putiniana!,guaco97455069,3,it,,1,"[User(username='spighissimo', id=1181858258182688768, displayname='Spighissimo', rawDescription=None, renderedDescription=None, descriptionLinks=None, verified=None, created=None, followersCount=None, friendsCount=None, statusesCount=None, favouritesCount=None, listedCount=None, mediaCount=None, location=None, protected=None, link=None, profileImageUrl=None, profileBannerUrl=None, label=None)]",[]
193,2023-05-19 05:52:47+00:00,1659436921527885825,"Caff√® Affari (ristretto)

5 cose da sapere prima che aprano i mercati, con @elisaapiazza:

üìåVia al #G7: quanto pesa oggi?
üìåWS torna a correre, oggi parla #Powell
üìåIcahn ammette scommesse sbagliate
üìåRating Italia, stasera il giudizio di Moody‚Äôs
üìåAI e #ChatGPT al #Bilderberg https://t.co/sT0QwX7Ra6",classcnbc,14,it,,2,"[User(username='elisaapiazza', id=4472578223, displayname='Elisa Piazza', rawDescription=None, renderedDescription=None, descriptionLinks=None, verified=None, created=None, followersCount=None, friendsCount=None, statusesCount=None, favouritesCount=None, listedCount=None, mediaCount=None, location=None, protected=None, link=None, profileImageUrl=None, profileBannerUrl=None, label=None)]",[]
194,2023-05-19 05:40:02+00:00,1659433713040588800,@KINGZLATAN1994 @awkangie Se lo chiedi a ChatGPT ti d√† una risposta molto intelligente,therealkris96,0,it,,0,"[User(username='KINGZLATAN1994', id=1190654334247280645, displayname='KING Z', rawDescription=None, renderedDescription=None, descriptionLinks=None, verified=None, created=None, followersCount=None, friendsCount=None, statusesCount=None, favouritesCount=None, listedCount=None, mediaCount=None, location=None, protected=None, link=None, profileImageUrl=None, profileBannerUrl=None, label=None), User(username='awkangie', id=380341819, displayname='A', rawDescription=None, renderedDescription=None, descriptionLinks=None, verified=None, created=None, followersCount=None, friendsCount=None, statusesCount=None, favouritesCount=None, listedCount=None, mediaCount=None, location=None, protected=None, link=None, profileImageUrl=None, profileBannerUrl=None, label=None)]",[]
195,2023-05-19 05:32:34+00:00,1659431833870954497,Apple ha vietato ai dipendenti l‚Äôuso di ChatGPT https://t.co/Qxmx00U9R6,macitynet,2,it,,0,,['http://dlvr.it/SpGdsQ']
196,2023-05-19 05:28:39+00:00,1659430845738778625,Sophos mette in guardia sulla truffa delle app ChatGPT fasulle #sophos #CyberSecurity https://t.co/aJSemzb6E9 https://t.co/FD6M1crEAV,BibiFabrizio,0,it,,1,,['https://www.batista70phone.com/2023/05/19/sophos-mette-in-guardia-sulla-truffa-delle-app-chatgpt-fasulle/']
197,2023-05-19 05:14:18+00:00,1659427236292841474,"Il traffico di Stack Overflow √® calato sensibilmente. Il motivo? A chi serve cercare quando si hanno GitHub Copilot, ChatGPT e gli altri assistenti AI? (di Raoul Scarazzini) #ai #copilot #StackOverflow

https://t.co/tmfxOMp3N3",mmul_it,0,it,,0,,['https://www.miamammausalinux.org/?p=21047']
198,2023-05-19 05:10:30+00:00,1659426280796831744,ChatGPT spazzer√† via alcuni lavori? Risponde il creatore Sam Altman https://t.co/JN1sUeTDGb,ItaliaStartUp_,0,it,,1,,['https://video.milanofinanza.it/video/chatgpt-spazzera-via-alcuni-lavori-risponde-il-creatore-sam-altman-zne8nGTUcOl3']
199,2023-05-19 05:10:00+00:00,1659426156423045127,"Fai uno di questi lavori? Occhio, arriva ChatGPT e pu√≤ rubarti il posto adesso https://t.co/j5GWZwihyM",ItaliaStartUp_,0,it,,0,,['https://www.esquire.com/it/lifestyle/tecnologia/a43892408/lavori-chatgpt/']
200,2023-05-19 05:08:47+00:00,1659425846140993542,"Ecco l‚Äôapplicazione ufficiale ChatGPT per iPhone, ma se abiti in Italia per ora non la usi https://t.co/RkLRi5qibJ",ItaliaStartUp_,1,it,,0,,['https://www.macitynet.it/applicazione-chatgpt-per-iphone/']
201,2023-05-19 05:06:46+00:00,1659425340547289088,"ChatGPT accede a Internet, come cambier√† il modo in cui cerchiamo in rete https://t.co/ongjsbtNND",ItaliaStartUp_,0,it,,0,,['https://www.fastweb.it/fastweb-plus/digital-dev-security/chatgpt-accede-a-internet-come-cambiera-il-modo-in-cui-cerchiamo-in-rete/?utm_source=twitter&utm_medium=social-organic&utm_campaign=auto-art&utm_content=digital-dev-security']
202,2023-05-19 05:06:01+00:00,1659425151941787648,ChatGpt adesso pu√≤ cercare anche su Internet: merito di uno degli oltre 70 nuovi plugin in arrivo https://t.co/MdBGbWksR0,ItaliaStartUp_,0,it,,1,,['https://www.corriere.it/tecnologia/23_maggio_17/chatgpt-adesso-puo-cercare-anche-su-internet-merito-di-uno-degli-oltre-70-nuovi-plugin-in-arrivo-d40013f5-5f5e-4c6b-abce-adbaa1ef1xlk.shtml']
203,2023-05-19 04:58:28+00:00,1659423252685500418,Open AI¬†ha reso disponibile una versione di ChatGPT per iPhone. In futuro il servizio¬†dovrebbe arrivare anche¬†per Android. (Bloomberg),Michele_Arnese,1,it,,0,,[]
204,2023-05-19 04:43:56+00:00,1659419593696264198,"Allucinante il moralismo sul concerto di Bruce Springsteen.

Gente che magari ha l‚Äôempatia di Chatgpt che spiega cosa sia giusto o sbagliato.
Altri che non pensano che possa essere un momento di svago anche per gente colpita e danno vita al solito egoismo de: io la vivo male e",Prova7979,17,it,,3,,[]
205,2023-05-19 04:20:02+00:00,1659413581367234562,"Sophos accende un faro sulla truffa delle app ChatGPT fasulle: Queste app, ribattezzate ""fleeceware"", sfruttano le scappatoie presenti nelle policy degli app store e impiegano tattiche coercitive per addebitare costi esagerati agli utilizzatori di‚Ä¶ https://t.co/EhyKHctHRI",bitcityit,2,it,,1,,['http://dlvr.it/SpGXD5']
206,2023-05-19 03:39:10+00:00,1659403293611753472,"Fin da subito l'intelligenza UMANA riesce a comprendere che cosa si possa trarre di vantaggioso da AI e cosa vada scartato.
Non sto a fare elenchi...
Chiedi ora a #ChatGPT quanto sia affidabile in % nelle risposte e poi fidati tu della risposta.
Io come sempre mi fido di me.",Borsapretporter,1,it,,0,,[]
207,2023-05-19 03:29:01+00:00,1659400742971613186,"Intelligenza artificiale, ChatGpt va nel pallone e in un dibattito fa dire a Elly Schlein quello che pensa Giorgia Meloni e viceversa - https://t.co/hXesCMj0ZE https://t.co/FUBA0mH6xk https://t.co/tVg6S0dMJT",ItaliaOggi,2,it,,0,,"['http://ItaliaOggi.it', 'https://www.italiaoggi.it/news/intelligenza-artificiale-chatgpt-va-nel-pallone-e-in-un-dibattito-fa-dire-a-elly-schlein-quello-che-pensa-2601828?utm_term=Autofeed&utm_medium=Social&utm_source=Twitter#Echobox=1684455865']"
208,2023-05-19 01:41:28+00:00,1659373673550053376,Cazzo ChatGPT (che ha compilato in automatico questo tweet per me) √® gi√† pi√π intelligente della stragrande maggioranza dei nostri politici... https://t.co/rpTfvAa6GE,spighissimo,26,it,,10,,[]
209,2023-05-19 01:13:03+00:00,1659366525059624960,Gianluca Maruzzella al Netcomm Forum 2023: grazie ai sistemi come ChatGPT le aziende tornano a parlare con i consumatori https://t.co/BAHROLzMH6 https://t.co/bU4Z2S2TCG,jacopo_coccia,0,it,,1,,['http://dlvr.it/SpGGgH']
210,2023-05-19 00:58:24+00:00,1659362835330134018,"@N_Filippetti03 @danieledv79 @matteorenzi Ancora a ripetere questo mantra? Prova con ChatGPT: non supererai comunque il test di Turing, ma almeno la smetti di cantare lo stesso ritornello.",baronebarolo,0,it,,0,"[User(username='N_Filippetti03', id=1018218070538620928, displayname='Nicol√≤ Filippetti', rawDescription=None, renderedDescription=None, descriptionLinks=None, verified=None, created=None, followersCount=None, friendsCount=None, statusesCount=None, favouritesCount=None, listedCount=None, mediaCount=None, location=None, protected=None, link=None, profileImageUrl=None, profileBannerUrl=None, label=None), User(username='danieledv79', id=2479620311, displayname='Daniele Dellavedova', rawDescription=None, renderedDescription=None, descriptionLinks=None, verified=None, created=None, followersCount=None, friendsCount=None, statusesCount=None, favouritesCount=None, listedCount=None, mediaCount=None, location=None, protected=None, link=None, profileImageUrl=None, profileBannerUrl=None, label=None), User(username='matteorenzi', id=18762875, displayname='Matteo Renzi', rawDescription=None, renderedDescription=None, descriptionLinks=None, verified=None, created=None, followersCount=None, friendsCount=None, statusesCount=None, favouritesCount=None, listedCount=None, mediaCount=None, location=None, protected=None, link=None, profileImageUrl=None, profileBannerUrl=None, label=None)]",[]
211,2023-05-19 00:43:01+00:00,1659358967464701954,"II ""mito"" di ChatGPT e la disumanizzazione dei contenuti
#redhotcyber
#informationsecurity
#ethicalhacking
#dataprotection #hacking
#cybersecurity #cybercrime
#cybersecurityawareness
#cybersecuritytraining
#cybersecuritynews #privacy
#infosecurity https://t.co/NiBuvNQyQ0",FoxF3x,0,it,,0,,[]
212,2023-05-19 00:08:11+00:00,1659350198403973120,@Myname_H_7_25 @MT_Convex Se qualcuno ha l‚Äôindirizzo lo condivida che lo mettiamo su chat gpt e c‚Äô√® lo scorpora tutto,Studyfinance4,0,it,,1,"[User(username='Myname_H_7_25', id=1401269646096056322, displayname='Le‚Çøowski ‚ö°', rawDescription=None, renderedDescription=None, descriptionLinks=None, verified=None, created=None, followersCount=None, friendsCount=None, statusesCount=None, favouritesCount=None, listedCount=None, mediaCount=None, location=None, protected=None, link=None, profileImageUrl=None, profileBannerUrl=None, label=None), User(username='MT_Convex', id=1571169027233390593, displayname='MT', rawDescription=None, renderedDescription=None, descriptionLinks=None, verified=None, created=None, followersCount=None, friendsCount=None, statusesCount=None, favouritesCount=None, listedCount=None, mediaCount=None, location=None, protected=None, link=None, profileImageUrl=None, profileBannerUrl=None, label=None)]",[]
